-- phpMyAdmin SQL Dump
-- version 4.1.13
-- http://www.phpmyadmin.net
--
-- Host: localhost
-- Generation Time: Sep 10, 2014 at 02:09 AM
-- Server version: 5.5.37
-- PHP Version: 5.4.27

SET SQL_MODE = "NO_AUTO_VALUE_ON_ZERO";
SET time_zone = "+00:00";


/*!40101 SET @OLD_CHARACTER_SET_CLIENT=@@CHARACTER_SET_CLIENT */;
/*!40101 SET @OLD_CHARACTER_SET_RESULTS=@@CHARACTER_SET_RESULTS */;
/*!40101 SET @OLD_COLLATION_CONNECTION=@@COLLATION_CONNECTION */;
/*!40101 SET NAMES utf8 */;

--
-- Database: `googlemaps`
--

-- --------------------------------------------------------

--
-- Table structure for table `audit_trail_tb`
--

CREATE TABLE IF NOT EXISTS `audit_trail_tb` (
  `audit_trail_id` int(11) NOT NULL AUTO_INCREMENT,
  `email` varchar(50) NOT NULL,
  `date` timestamp NOT NULL DEFAULT CURRENT_TIMESTAMP ON UPDATE CURRENT_TIMESTAMP,
  `description` text NOT NULL,
  `firstname` varchar(100) NOT NULL,
  `user_id` int(11) NOT NULL,
  PRIMARY KEY (`audit_trail_id`)
) ENGINE=InnoDB  DEFAULT CHARSET=latin1 AUTO_INCREMENT=703 ;

--
-- Dumping data for table `audit_trail_tb`
--

INSERT INTO `audit_trail_tb` (`audit_trail_id`, `email`, `date`, `description`, `firstname`, `user_id`) VALUES
(1, 'ej@shellweb.com', '2014-07-04 05:38:06', 'Added Pandacan Depot depot', 'EL John', 6),
(2, 'dan@shellweb.com', '2014-07-04 05:41:57', 'Added Sanchez Mira Site site', 'Dan', 5),
(3, 'ej@shellweb.com', '2014-07-04 05:43:31', 'Added Pilipinas Shell Petroleum Corporation Davao depot', 'EL John', 6),
(4, 'dan@shellweb.com', '2014-07-04 05:45:39', 'Added Aparri Rizal Street Site site', 'Dan', 5),
(5, 'ej@shellweb.com', '2014-07-04 05:47:02', 'Added Site 1 Congressional Ave site', 'EL John', 6),
(6, 'dan@shellweb.com', '2014-07-04 05:47:26', 'Added Lal-lo Cagayan Valley Road Site site', 'Dan', 5),
(7, 'ej@shellweb.com', '2014-07-04 05:52:14', 'Added Site 2 McArthur Hwy site', 'EL John', 6),
(8, 'dan@shellweb.com', '2014-07-04 05:53:18', 'Added 125 Cagayan Valley Site site', 'Dan', 5),
(9, 'ej@shellweb.com', '2014-07-04 05:55:27', 'Added Site 3 Bicol site', 'EL John', 6),
(10, 'dan@shellweb.com', '2014-07-04 05:59:36', 'Added Lal-lo Pan Philippine Highway site', 'Dan', 5),
(11, 'ej@shellweb.com', '2014-07-04 06:06:37', 'Added Site 4 Alabang site', 'EL John', 6),
(12, 'dan@shellweb.com', '2014-07-04 06:08:23', 'Added Surigao-Davao Site site', 'Dan', 5),
(13, 'ej@shellweb.com', '2014-07-04 06:10:17', 'Added Site 5 Legaspi site', 'EL John', 6),
(14, 'dan@shellweb.com', '2014-07-04 06:11:46', 'Added J.P Laurel Davao Site site', 'Dan', 5),
(15, 'ej@shellweb.com', '2014-07-04 06:12:50', 'Added Site 6 Batangas site', 'EL John', 6),
(16, 'dan@shellweb.com', '2014-07-04 06:14:03', 'Added Pagadian city Site site', 'Dan', 5),
(17, 'dan@shellweb.com', '2014-07-04 06:17:21', 'Added J.P Laurel Davao Site site', 'Dan', 5),
(18, 'dan@shellweb.com', '2014-07-04 06:18:49', 'Added Surigao Davao Site site', 'Dan', 5),
(19, 'ej@shellweb.com', '2014-07-04 06:20:09', 'Added Patnongon Depot depot', 'EL John', 6),
(20, 'ej@shellweb.com', '2014-07-04 06:25:26', 'Added Site 7 site', 'EL John', 6),
(21, 'ej@shellweb.com', '2014-07-04 06:30:01', 'Added Site 8 Iloilo site', 'EL John', 6),
(22, 'ej@shellweb.com', '2014-07-04 06:32:31', 'Added Site 9 Roxas site', 'EL John', 6),
(23, 'ej@shellweb.com', '2014-07-04 06:36:12', 'Added Site 10 Zamboanga site', 'EL John', 6),
(24, 'ej@shellweb.com', '2014-07-04 06:38:03', 'Added Site 11 General Santos site', 'EL John', 6),
(25, 'ej@shellweb.com', '2014-07-04 06:41:07', 'Created Route 1 Pandacan Depot to Congressional Ave route', 'EL John', 6),
(26, 'dan@shellweb.com', '2014-07-04 06:42:32', 'Created Davao Depot to Surigao Site route', 'Dan', 5),
(27, 'ej@shellweb.com', '2014-07-04 06:43:02', 'Created Route 2 Pandacan Depot to Rosales via McArthur Hwy route', 'EL John', 6),
(28, 'dan@shellweb.com', '2014-07-04 06:55:26', 'Created Davao Depot to Pagadian City Site route', 'Dan', 5),
(29, 'dan@shellweb.com', '2014-07-04 06:57:10', 'Created Davao Depot to J.P. Laurel Davao Site route', 'Dan', 5),
(30, 'dan@shellweb.com', '2014-07-04 07:13:48', 'Added Accident prone area hazard', 'Dan', 5),
(31, 'dan@shellweb.com', '2014-07-04 07:43:29', 'Added Construction ongoing hazard', 'Dan', 5),
(32, 'ej@shellweb.com', '2014-07-04 08:10:06', 'Added Site 12 Temp site', 'EL John', 6),
(33, 'dan@shellweb.com', '2014-07-04 09:39:16', 'Added test site', 'Dan', 5),
(34, 'dan@shellweb.com', '2014-07-04 09:40:36', 'Deleted test site', 'Dan', 5),
(35, 'analyn@shellweb.com', '2014-07-07 01:06:02', 'Added National Kidney hazard', 'Analyn', 12),
(36, 'analyn@shellweb.com', '2014-07-07 01:10:51', 'Update Route 1 Pandacan Depot to Congressional Ave(longer route) route', 'Analyn', 12),
(37, 'analyn@shellweb.com', '2014-07-07 01:13:17', 'Created Depot to site 1(shorter route) route', 'Analyn', 12),
(38, 'dan@shellweb.com', '2014-07-07 01:45:48', 'Update Route 1 Pandacan Depot to Congressional Ave(longer route) route', 'Dan', 5),
(39, 'dan@shellweb.com', '2014-07-07 01:46:32', 'Update Route 1 Pandacan Depot to Congressional Ave(longer route) route', 'Dan', 5),
(40, 'dan@shellweb.com', '2014-07-07 01:47:15', 'Update Route 1 Pandacan Depot to Congressional Ave(longer route) route', 'Dan', 5),
(41, 'dan@shellweb.com', '2014-07-07 02:02:18', 'Update Route 1 Pandacan Depot to Congressional Ave(longer route) route', 'Dan', 5),
(42, 'dan@shellweb.com', '2014-07-07 02:48:45', 'Update Route 1 Pandacan Depot to Congressional Ave(longer route) route', 'Dan', 5),
(43, 'dan@shellweb.com', '2014-07-10 06:41:59', 'Added Road merging hazard', 'Dan', 5),
(44, 'dan@shellweb.com', '2014-07-10 06:43:34', 'Update Road merging hazard', 'Dan', 5),
(45, 'dan@shellweb.com', '2014-07-10 06:58:31', 'Added U-turn  hazard', 'Dan', 5),
(46, 'dan@shellweb.com', '2014-07-10 07:14:12', 'Added Sharp curve hazard', 'Dan', 5),
(47, 'dan@shellweb.com', '2014-07-10 07:24:20', 'Update Sharp curve hazard', 'Dan', 5),
(48, 'ej@shellweb.com', '2014-07-11 07:10:56', 'Created Test Route 1 route', 'EL John', 6),
(49, 'ej@shellweb.com', '2014-07-11 09:42:58', 'Update Test Route 1 Edited route', 'EL John', 6),
(50, 'ej@shellweb.com', '2014-07-11 10:12:01', 'Update Test Route 1 Edited route', 'EL John', 6),
(51, 'dan@shellweb.com', '2014-07-11 10:27:03', 'Created testroute route', 'Dan', 5),
(52, 'dan@shellweb.com', '2014-07-11 10:29:22', 'Deleted testroute route', 'Dan', 5),
(53, 'dan@shellweb.com', '2014-07-11 10:30:14', 'Created testRoute route', 'Dan', 5),
(54, 'dan@shellweb.com', '2014-07-11 10:31:17', 'Deleted testRoute route', 'Dan', 5),
(55, 'dan@shellweb.com', '2014-07-11 10:31:45', 'Created testroute route', 'Dan', 5),
(56, 'dan@shellweb.com', '2014-07-11 10:33:14', 'Created testroutedavao route', 'Dan', 5),
(57, 'dan@shellweb.com', '2014-07-11 10:35:27', 'Deleted testroute route', 'Dan', 5),
(58, 'dan@shellweb.com', '2014-07-11 10:35:27', 'Deleted testroutedavao route', 'Dan', 5),
(59, 'dan@shellweb.com', '2014-07-11 10:35:53', 'Deleted Pandacan Depot depot', 'Dan', 5),
(60, 'dan@shellweb.com', '2014-07-11 10:39:39', 'Added Pandacan Depot depot', 'Dan', 5),
(61, 'dan@shellweb.com', '2014-07-11 10:49:11', 'Deleted Route 1 Pandacan Depot to Congressional Ave(longer route) route', 'Dan', 5),
(62, 'dan@shellweb.com', '2014-07-11 10:49:11', 'Deleted Depot to site 1(shorter route) route', 'Dan', 5),
(63, 'dan@shellweb.com', '2014-07-11 10:49:11', 'Deleted Test Route 1 Edited route', 'Dan', 5),
(64, 'dan@shellweb.com', '2014-07-11 10:50:12', 'Created Sample 1 route', 'Dan', 5),
(65, 'dan@shellweb.com', '2014-07-11 11:04:11', 'Created testroute route', 'Dan', 5),
(66, 'dan@shellweb.com', '2014-07-14 02:22:40', 'Created test111 route', 'Dan', 5),
(67, 'dan@shellweb.com', '2014-07-14 02:23:40', 'Created sfsdfsd route', 'Dan', 5),
(68, 'dan@shellweb.com', '2014-07-14 02:24:28', 'Created das route', 'Dan', 5),
(69, 'ej@shellweb.com', '2014-07-14 06:01:54', 'Deleted das route', 'EL John', 6),
(70, 'ej@shellweb.com', '2014-07-14 06:34:12', 'Added Juan Dela Cruz user', 'EL John', 6),
(71, 'jdelacruz@webmail.com', '2014-07-14 06:44:55', 'Update Juan Kevin Dela Cruz user', 'Juan Kevin', 77),
(72, 'dan@shellweb.com', '2014-07-17 08:39:33', 'Deleted sfsdfsd route', 'Dan', 5),
(73, 'ej@shellweb.com', '2014-07-17 08:39:41', 'Update kim kardiashian scandal route', 'EL John', 6),
(74, 'dan@shellweb.com', '2014-07-17 08:43:42', 'Deleted test111 route', 'Dan', 5),
(75, 'dan@shellweb.com', '2014-07-17 08:54:15', 'Deleted testroute route', 'Dan', 5),
(76, 'dan@shellweb.com', '2014-07-17 08:58:07', 'Deleted Sample 1 route', 'Dan', 5),
(77, 'dan@shellweb.com', '2014-07-17 09:01:10', 'Deleted Davao Depot to Surigao Site route', 'Dan', 5),
(78, 'dan@shellweb.com', '2014-07-17 09:01:14', 'Update Davao Depot to Surigao Site route', 'Dan', 5),
(79, 'dan@shellweb.com', '2014-07-17 09:02:43', 'Deleted Davao Depot to J.P. Laurel Davao Site route', 'Dan', 5),
(80, 'dan@shellweb.com', '2014-07-17 10:36:22', 'Update Dan Filth user', 'Dan', 5),
(81, 'dan@shellweb.com', '2014-07-17 10:36:56', 'Update Dan Filth user', 'Dan', 5),
(82, 'dan@shellweb.com', '2014-07-17 10:37:19', 'Update Dan Filth user', 'Dan', 5),
(83, 'dan@shellweb.com', '2014-07-17 10:38:26', 'Update Dan Filth user', 'Dan', 5),
(84, 'jdelacruz@webmail.com', '2014-07-18 02:28:43', 'Update Juan Dela Cruz user', 'Juan', 77),
(85, 'dan@shellweb.com', '2014-07-18 07:53:45', 'Update Dan Filth user', 'Dan', 5),
(86, 'dan@shellweb.com', '2014-07-18 07:54:06', 'Update Dan Filth user', 'Dan', 5),
(87, 'dan@shellweb.com', '2014-07-18 07:56:50', 'Added tester test user', 'Dan', 5),
(88, 'tester@test.com', '2014-07-18 08:03:48', 'Added qwq qwq user', 'tester', 78),
(89, 'tester@test.com', '2014-07-18 08:05:57', 'Added qdasdas asd user', 'tester', 78),
(90, 'tester@test.com', '2014-07-18 08:09:44', 'Added qeqwe asdasdas user', 'tester', 78),
(91, 'jdelacruz@webmail.com', '2014-07-18 08:23:19', 'Added Road Accident hazard', 'Juan', 77),
(92, 'jdelacruz@webmail.com', '2014-07-18 08:29:59', 'Deleted U-turn  hazard', 'Juan', 77),
(93, 'jdelacruz@webmail.com', '2014-07-18 08:29:59', 'Deleted Sharp curve hazard', 'Juan', 77),
(94, 'jdelacruz@webmail.com', '2014-07-18 08:29:59', 'Deleted Road Accident hazard', 'Juan', 77),
(95, 'jdelacruz@webmail.com', '2014-07-18 08:30:08', 'Deleted Construction ongoing hazard', 'Juan', 77),
(96, 'dan@shellweb.com', '2014-07-18 08:36:39', 'Update Dan Filth user', 'Dan', 5),
(97, 'tester@test.com', '2014-07-18 08:41:26', 'Update tester test user', 'tester', 78),
(98, 'jdelacruz@webmail.com', '2014-07-18 08:56:53', 'Added No Overtaking hazard', 'Juan', 77),
(99, 'jdelacruz@webmail.com', '2014-07-18 08:58:48', 'Added School Zone hazard', 'Juan', 77),
(100, 'jdelacruz@webmail.com', '2014-07-18 09:06:51', 'Added Accident Prone Area hazard', 'Juan', 77),
(101, 'ej@shellweb.com', '2014-08-04 07:29:05', 'Deleted Route 2 Pandacan Depot to Rosales via McArthur Hwy route', 'EL John', 6),
(102, 'ej@shellweb.com', '2014-08-04 07:29:05', 'Deleted Davao Depot to Pagadian City Site route', 'EL John', 6),
(103, 'ej@shellweb.com', '2014-08-04 08:24:51', 'Created Pandacan to Alabang route', 'EL John', 6),
(104, 'ej@shellweb.com', '2014-08-04 08:27:37', 'Added Unevent Road Pavement hazard', 'EL John', 6),
(105, 'ej@shellweb.com', '2014-08-04 08:32:32', 'Added Intersection at Magallanes hazard', 'EL John', 6),
(106, 'ej@shellweb.com', '2014-08-04 08:53:30', 'Added School Zone hazard', 'EL John', 6),
(107, 'ej@shellweb.com', '2014-08-04 08:54:53', 'Added Checkpoint hazard', 'EL John', 6),
(108, 'ej@shellweb.com', '2014-08-04 08:56:01', 'Added Heavy Traffic hazard', 'EL John', 6),
(109, 'ej@shellweb.com', '2014-08-04 08:59:13', 'Added Heavy Traffic hazard', 'EL John', 6),
(110, 'ej@shellweb.com', '2014-08-04 09:04:23', 'Created Pilipinas Shell Petroleum to General Santos route', 'EL John', 6),
(111, 'ej@shellweb.com', '2014-08-04 09:07:02', 'Created Pandacan to Legaspi route', 'EL John', 6),
(112, 'ej@shellweb.com', '2014-08-05 03:50:16', 'Added Hospital hazard', 'EL John', 6),
(113, 'ej@shellweb.com', '2014-08-05 03:59:51', 'Added EMCOR Site site', 'EL John', 6),
(114, 'ej@shellweb.com', '2014-08-05 04:29:01', 'Added Heavy Traffic hazard', 'EL John', 6),
(115, 'ej@shellweb.com', '2014-08-05 04:36:50', 'Added Talaba Site site', 'EL John', 6),
(116, 'analyn@shellweb.com', '2014-08-06 03:42:00', 'Added abe livi user', 'Analyn', 12),
(117, 'ej@shellweb.com', '2014-08-06 04:09:56', 'Added No Uturn hazard', 'EL John', 6),
(118, 'ej@shellweb.com', '2014-08-06 08:40:03', 'Update No Uturnasdsd hazard', 'EL John', 6),
(119, 'ej@shellweb.com', '2014-08-06 08:41:54', 'Update No Uturn78787 hazard', 'EL John', 6),
(120, 'ej@shellweb.com', '2014-08-06 08:44:34', 'Update No Uturnnnnnnnnnnnnnnnning hazard', 'EL John', 6),
(121, 'ej@shellweb.com', '2014-08-06 08:45:03', 'Update No Uturnnnnnnnnnnnnnnnning hazard', 'EL John', 6),
(122, 'ej@shellweb.com', '2014-08-06 09:12:41', 'Update No Uturnnnnnnnnnnnnnnnning hazard', 'EL John', 6),
(123, 'ej@shellweb.com', '2014-08-06 09:13:51', 'Update No Uturnnnnnnnnnnnnnnnning hazard', 'EL John', 6),
(124, 'ej@shellweb.com', '2014-08-06 09:15:53', 'Update No Uturnnnnnnnnnnnnnnnning hazard', 'EL John', 6),
(125, 'ej@shellweb.com', '2014-08-06 09:15:56', 'Update No Uturnnnnnnnnnnnnnnnning hazard', 'EL John', 6),
(126, 'ej@shellweb.com', '2014-08-06 09:15:57', 'Update No Uturnnnnnnnnnnnnnnnning hazard', 'EL John', 6),
(127, 'ej@shellweb.com', '2014-08-06 09:15:58', 'Update No Uturnnnnnnnnnnnnnnnning hazard', 'EL John', 6),
(128, 'ej@shellweb.com', '2014-08-06 09:17:38', 'Update No Uturnnnnnnnnnnnnnnnning hazard', 'EL John', 6),
(129, 'ej@shellweb.com', '2014-08-06 09:18:14', 'Update No Uturn hazard', 'EL John', 6),
(130, 'ej@shellweb.com', '2014-08-06 09:18:35', 'Update No Uturn and on and on hazard', 'EL John', 6),
(131, 'ej@shellweb.com', '2014-08-06 09:18:38', 'Update No Uturn and on and on hazard', 'EL John', 6),
(132, 'ej@shellweb.com', '2014-08-06 09:18:39', 'Update No Uturn and on and on hazard', 'EL John', 6),
(133, 'ej@shellweb.com', '2014-08-06 09:18:39', 'Update No Uturn and on and on hazard', 'EL John', 6),
(134, 'ej@shellweb.com', '2014-08-06 09:18:39', 'Update No Uturn and on and on hazard', 'EL John', 6),
(135, 'ej@shellweb.com', '2014-08-06 09:22:27', 'Deleted No Uturn and on and on hazard', 'EL John', 6),
(136, 'ej@shellweb.com', '2014-08-06 09:22:48', 'Update Heavy Traffic hazard', 'EL John', 6),
(137, 'ej@shellweb.com', '2014-08-06 09:23:15', 'Update Heavy Traffic hazard', 'EL John', 6),
(138, 'ej@shellweb.com', '2014-08-06 09:23:51', 'Update Heavy Traffic hazard', 'EL John', 6),
(139, 'ej@shellweb.com', '2014-08-06 09:24:03', 'Update Heavy Trafficness hazard', 'EL John', 6),
(140, 'ej@shellweb.com', '2014-08-07 05:27:17', 'Update Pilipinas Shell Petroleum to General Santos route', 'EL John', 6),
(141, 'ej@shellweb.com', '2014-08-08 03:43:53', 'Update Heavy Trafficness hazard', 'EL John', 6),
(142, 'ej@shellweb.com', '2014-08-08 03:45:55', 'Update Heavy Trafficness hazard', 'EL John', 6),
(143, 'ej@shellweb.com', '2014-08-08 03:46:24', 'Update Human Trafficking hazard', 'EL John', 6),
(144, 'ej@shellweb.com', '2014-08-08 04:10:18', 'Update Human Trafficking hazard', 'EL John', 6),
(145, 'ej@shellweb.com', '2014-08-08 04:11:22', 'Update Temp hazard', 'EL John', 6),
(146, 'ej@shellweb.com', '2014-08-08 07:11:34', 'Update Temp hazard', 'EL John', 6),
(147, 'ej@shellweb.com', '2014-08-08 07:20:27', 'Update edited hazard', 'EL John', 6),
(148, 'ej@shellweb.com', '2014-08-08 07:21:03', 'Update edited hazard', 'EL John', 6),
(149, 'ej@shellweb.com', '2014-08-08 07:24:54', 'Update edited hazard', 'EL John', 6),
(150, 'ej@shellweb.com', '2014-08-08 07:26:03', 'Update edited hazard', 'EL John', 6),
(151, 'ej@shellweb.com', '2014-08-08 07:26:52', 'Update edited hazard', 'EL John', 6),
(152, 'ej@shellweb.com', '2014-08-08 07:29:34', 'Update edited hazard', 'EL John', 6),
(153, 'ej@shellweb.com', '2014-08-08 07:43:27', 'Update EJ Depot hazard', 'EL John', 6),
(154, 'ej@shellweb.com', '2014-08-08 07:53:01', 'Update EJ Site site', 'EL John', 6),
(155, 'ej@shellweb.com', '2014-08-08 07:54:19', 'Update EJ Hazard hazard', 'EL John', 6),
(156, 'ej@shellweb.com', '2014-08-08 07:55:46', 'Update EJ Depot depot', 'EL John', 6),
(157, 'ej@shellweb.com', '2014-08-11 02:57:52', 'Added added ej hazard', 'EL John', 6),
(158, 'ej@shellweb.com', '2014-08-11 03:04:20', 'Update added ej edit hazard', 'EL John', 6),
(159, 'ej@shellweb.com', '2014-08-11 03:06:04', 'Update added ej edit speed limit 50 hazard', 'EL John', 6),
(160, 'dan@shellweb.com', '2014-08-11 03:12:40', 'Created asdsa route', 'Dan', 5),
(161, 'dan@shellweb.com', '2014-08-11 03:12:55', 'Deleted asdsa route', 'Dan', 5),
(162, 'ej@shellweb.com', '2014-08-11 03:14:55', 'Added Site ko to site', 'EL John', 6),
(163, 'ej@shellweb.com', '2014-08-11 03:24:02', 'Added Depot ko to depot', 'EL John', 6),
(164, 'dan@shellweb.com', '2014-08-11 03:29:55', 'Added sdfdsf hazard', 'Dan', 5),
(165, 'dan@shellweb.com', '2014-08-11 03:43:34', 'Added sdf sdff hazard', 'Dan', 5),
(166, 'ej@shellweb.com', '2014-08-11 03:49:51', 'Added No truck allowed hazard', 'EL John', 6),
(167, 'ej@shellweb.com', '2014-08-11 03:57:48', 'Added yeah hazard', 'EL John', 6),
(168, 'ej@shellweb.com', '2014-08-11 04:00:52', 'Added Site ko po site', 'EL John', 6),
(169, 'ej@shellweb.com', '2014-08-11 05:17:33', 'Added Added again hazard', 'EL John', 6),
(170, 'ej@shellweb.com', '2014-08-11 05:22:19', 'Added Site title site', 'EL John', 6),
(171, 'ej@shellweb.com', '2014-08-11 05:23:24', 'Added yeah depot depot', 'EL John', 6),
(172, 'ej@shellweb.com', '2014-08-11 05:25:00', 'Added Depot depot depot', 'EL John', 6),
(173, 'ej@shellweb.com', '2014-08-11 05:26:20', 'Added Depot ko ulet depot', 'EL John', 6),
(174, 'dan@shellweb.com', '2014-08-11 06:17:53', 'Added TESTING hazard', 'Dan', 5),
(175, 'dan@shellweb.com', '2014-08-11 06:20:48', 'Added testing1 hazard', 'Dan', 5),
(176, 'dan@shellweb.com', '2014-08-11 06:23:39', 'Added testing1 hazard', 'Dan', 5),
(177, 'dan@shellweb.com', '2014-08-11 06:25:34', 'Deleted TESTING hazard', 'Dan', 5),
(178, 'dan@shellweb.com', '2014-08-11 06:25:34', 'Deleted testing1 hazard', 'Dan', 5),
(179, 'dan@shellweb.com', '2014-08-11 06:25:34', 'Deleted testing1 hazard', 'Dan', 5),
(180, 'dan@shellweb.com', '2014-08-11 09:00:50', 'Added qqqqqqqqqqqqqqq hazard', 'Dan', 5),
(181, 'dan@shellweb.com', '2014-08-11 09:01:21', 'Added zzzzzzzzzzzzzzzzzz hazard', 'Dan', 5),
(182, 'dan@shellweb.com', '2014-08-11 09:15:05', 'Added xcxcxcxcxcxx hazard', 'Dan', 5),
(183, 'ej@shellweb.com', '2014-08-11 09:46:20', 'Added Hazard 1 hazard', 'EL John', 6),
(184, 'ej@shellweb.com', '2014-08-11 09:48:13', 'Added Hazard 2 hazard', 'EL John', 6),
(185, 'ej@shellweb.com', '2014-08-11 09:48:38', 'Added Hazard 3 hazard', 'EL John', 6),
(186, 'ej@shellweb.com', '2014-08-11 09:51:09', 'Added Hazard 4 hazard', 'EL John', 6),
(187, 'ej@shellweb.com', '2014-08-11 09:51:35', 'Added Hazardd 5 hazard', 'EL John', 6),
(188, 'ej@shellweb.com', '2014-08-11 09:53:31', 'Added Hazard 6 hazard', 'EL John', 6),
(189, 'ej@shellweb.com', '2014-08-11 09:53:56', 'Added Hazard 7 hazard', 'EL John', 6),
(190, 'ej@shellweb.com', '2014-08-11 09:54:07', 'Added Hazard 7 hazard', 'EL John', 6),
(191, 'ej@shellweb.com', '2014-08-11 09:58:57', 'Added Hazard 8 hazard', 'EL John', 6),
(192, 'ej@shellweb.com', '2014-08-11 09:59:33', 'Added Hazard 9 hazard', 'EL John', 6),
(193, 'ej@shellweb.com', '2014-08-11 10:03:33', 'Added Title hazard', 'EL John', 6),
(194, 'ej@shellweb.com', '2014-08-11 10:04:10', 'Added Title hazard', 'EL John', 6),
(195, 'ej@shellweb.com', '2014-08-11 10:10:14', 'Added Tiile ko to hazard', 'EL John', 6),
(196, 'ej@shellweb.com', '2014-08-11 10:14:38', 'Added Title mo to hazard', 'EL John', 6),
(197, 'ej@shellweb.com', '2014-08-11 10:17:41', 'Added Yow mama hazard', 'EL John', 6),
(198, 'ej@shellweb.com', '2014-08-12 07:56:22', 'Added Yrah site site', 'EL John', 6),
(199, 'vic@shellweb.com', '2014-08-12 08:28:05', 'Update Hazard EJ hazard', 'Victoria', 11),
(200, 'ej@shellweb.com', '2014-08-12 08:37:14', 'Deleted Yow mama hazard', 'EL John', 6),
(201, 'dan@shellweb.com', '2014-08-13 07:42:12', 'Added TEST hazard', 'Dan', 5),
(202, 'dan@shellweb.com', '2014-08-13 09:53:18', 'Deleted TEST hazard', 'Dan', 5),
(203, 'ej@shellweb.com', '2014-08-18 06:12:56', 'Added Yow hazard hazard', 'EL John', 6),
(204, 'vic@shellweb.com', '2014-08-18 06:16:01', 'Added New hazard here hazard', 'Victoria', 11),
(205, 'vic@shellweb.com', '2014-08-18 06:18:09', 'Update Edited new hazard here hazard', 'Victoria', 11),
(206, 'vic@shellweb.com', '2014-08-18 06:18:22', 'Deleted Edited new hazard here hazard', 'Victoria', 11),
(207, 'analyn@shellweb.com', '2014-08-20 03:02:01', 'Update Pandacan to Legaspi route', 'Analyn', 12),
(208, 'vic@shellweb.com', '2014-08-20 03:09:13', 'Added Treasure seeking hazard', 'Victoria', 11),
(209, 'analyn@shellweb.com', '2014-08-20 03:14:56', 'Update added ej edit speed limit 50 hazard', 'Analyn', 12),
(210, 'analyn@shellweb.com', '2014-08-20 05:40:45', 'Added @#@!@112323frftdd hazard', 'Analyn', 12),
(211, 'ej@shellweb.com', '2014-08-20 06:03:15', 'Added Trapiko hazard', 'EL John', 6),
(212, 'analyn@shellweb.com', '2014-08-20 06:28:06', 'Update Pandacan to Legaspi route', 'Analyn', 12),
(213, 'ej@shellweb.com', '2014-08-20 07:00:33', 'Update Pandacan to Legaspi route', 'EL John', 6),
(214, 'ej@shellweb.com', '2014-08-22 01:54:54', 'Created Sample route', 'EL John', 6),
(215, 'ej@shellweb.com', '2014-08-22 07:19:42', 'Created Sample 2 route', 'EL John', 6),
(216, 'dan@shellweb.com', '2014-08-22 10:02:58', 'Added test temp hazard', 'Dan', 5),
(217, 'dan@shellweb.com', '2014-08-22 10:05:30', 'Added test temp again hazard', 'Dan', 5),
(218, 'ej@shellweb.com', '2014-08-27 01:24:12', 'Created Maigsi lang to route', 'EL John', 6),
(219, 'ej@shellweb.com', '2014-08-29 03:28:12', 'Created a route', 'EL John', 6),
(220, 'dan@shellweb.com', '2014-08-29 04:07:11', 'Added Divibs Site site', 'Dan', 5),
(221, 'dan@shellweb.com', '2014-08-29 04:09:15', 'Added Divibs Depot depot', 'Dan', 5),
(222, 'dan@shellweb.com', '2014-08-29 04:17:39', 'Created Divibs Route route', 'Dan', 5),
(223, 'dan@shellweb.com', '2014-08-29 04:23:46', 'Update Divibs Route route', 'Dan', 5),
(224, 'abe@shellweb.com', '2014-08-29 05:58:49', 'Added Bridge Under Construction hazard', 'abe', 82),
(225, 'abe@shellweb.com', '2014-08-29 06:04:14', 'Added samp hazard', 'abe', 82),
(226, 'vic@shellweb.com', '2014-08-29 06:04:26', 'Added Temp Title depot', 'Victoria', 11),
(227, 'abe@shellweb.com', '2014-09-01 09:36:11', 'Updated samp hazard', 'abe', 82),
(228, 'abe@shellweb.com', '2014-09-01 09:36:09', 'Updated samp hazard', 'abe', 82),
(229, 'dan@shellweb.com', '2014-08-29 06:07:53', 'Created dfasdfasdfasd route', 'Dan', 5),
(230, 'vic@shellweb.com', '2014-08-29 06:08:06', 'Added sample narrow road hazard', 'Victoria', 11),
(231, 'dan@shellweb.com', '2014-08-29 06:08:29', 'Deleted dfasdfasdfasd route', 'Dan', 5),
(232, 'dan@shellweb.com', '2014-09-01 09:36:07', 'Updated samp hazard', 'Dan', 5),
(233, 'abe@shellweb.com', '2014-09-01 09:36:04', 'Updated samp hazard', 'abe', 82),
(234, 'dan@shellweb.com', '2014-09-01 09:36:02', 'Updated Divibs Site site', 'Dan', 5),
(235, 'abe@shellweb.com', '2014-09-01 09:36:00', 'Updated samp hazard', 'abe', 82),
(236, 'vic@shellweb.com', '2014-08-29 06:10:55', 'Added same time site', 'Victoria', 11),
(237, 'dan@shellweb.com', '2014-09-01 09:35:56', 'Updated Divibs Depot depot', 'Dan', 5),
(238, 'dan@shellweb.com', '2014-08-29 06:15:17', 'Added Divibs Hazard hazard', 'Dan', 5),
(239, 'dan@shellweb.com', '2014-09-01 09:35:53', 'Updated Divibs Hazard hazard', 'Dan', 5),
(240, 'vic@shellweb.com', '2014-09-01 09:35:51', 'Updated same time site', 'Victoria', 11),
(241, 'dan@shellweb.com', '2014-09-01 09:35:48', 'Updated Dan Candelaria user', 'Dan', 5),
(242, 'abe@shellweb.com', '2014-08-29 06:38:02', 'Added Benj Pogi Site site', 'abe', 82),
(243, 'dan@shellweb.com', '2014-09-01 09:35:45', 'Updated Benj Panget ! site', 'Dan', 5),
(244, 'abe@shellweb.com', '2014-09-01 09:35:42', 'Updated Benj Pogi site', 'abe', 82),
(245, 'abe@shellweb.com', '2014-08-29 06:50:47', 'Added Depot ni Benj depot', 'abe', 82),
(246, 'abe@shellweb.com', '2014-08-29 06:54:12', 'Deleted Benj Pogi site', 'abe', 82),
(247, 'abe@shellweb.com', '2014-08-29 06:54:40', 'Deleted Depot ni Benj depot', 'abe', 82),
(248, 'dan@shellweb.com', '2014-08-29 06:59:25', 'Added divibs hazard hazard', 'Dan', 5),
(249, 'dan@shellweb.com', '2014-08-29 07:08:07', 'Added hazard divibs hazard', 'Dan', 5),
(250, 'dan@shellweb.com', '2014-08-29 07:10:21', 'Added divibs hazard', 'Dan', 5),
(251, 'vic@shellweb.com', '2014-08-29 07:11:41', 'Created route title# 1 route', 'Victoria', 11),
(252, 'dan@shellweb.com', '2014-08-29 07:15:56', 'Added divibs dibibs hazard', 'Dan', 5),
(253, 'dan@shellweb.com', '2014-08-29 08:13:00', 'Added asdasd hazard', 'Dan', 5),
(254, 'dan@shellweb.com', '2014-08-29 08:22:05', 'Added divibs daw hazard', 'Dan', 5),
(255, 'vic@shellweb.com', '2014-08-29 08:24:13', 'Deleted Sample route', 'Victoria', 11),
(256, 'rich@shellweb.com', '2014-08-29 08:24:38', 'Added fsdfsdfs sfsd hazard', 'rich', 75),
(257, 'vic@shellweb.com', '2014-08-29 08:25:10', 'Deleted a route', 'Victoria', 11),
(258, 'vic@shellweb.com', '2014-08-29 08:25:44', 'Deleted asdasd hazard', 'Victoria', 11),
(259, 'vic@shellweb.com', '2014-08-29 08:26:13', 'Deleted test temp hazard', 'Victoria', 11),
(260, 'vic@shellweb.com', '2014-08-29 08:26:13', 'Deleted test temp again hazard', 'Victoria', 11),
(261, 'vic@shellweb.com', '2014-08-29 08:27:25', 'Added delete depot', 'Victoria', 11),
(262, 'vic@shellweb.com', '2014-08-29 08:27:42', 'Added delete1 depot', 'Victoria', 11),
(263, 'vic@shellweb.com', '2014-08-29 08:28:09', 'Deleted delete depot', 'Victoria', 11),
(264, 'vic@shellweb.com', '2014-08-29 08:28:09', 'Deleted delete1 depot', 'Victoria', 11),
(265, 'vic@shellweb.com', '2014-08-29 08:29:11', 'Added okwhen depot', 'Victoria', 11),
(266, 'vic@shellweb.com', '2014-08-29 08:29:25', 'Added done depot', 'Victoria', 11),
(267, 'vic@shellweb.com', '2014-08-29 08:29:40', 'Added medo depot', 'Victoria', 11),
(268, 'vic@shellweb.com', '2014-08-29 08:30:47', 'Deleted medo depot', 'Victoria', 11),
(269, 'vic@shellweb.com', '2014-08-29 08:31:03', 'Deleted okwhen depot', 'Victoria', 11),
(270, 'vic@shellweb.com', '2014-08-29 08:31:03', 'Deleted done depot', 'Victoria', 11),
(271, 'dan@shellweb.com', '2014-08-29 09:11:58', 'Added sdfs fd  hazard', 'Dan', 5),
(272, 'dan@shellweb.com', '2014-08-29 09:28:32', 'Added s sdf sd site', 'Dan', 5),
(273, 'dan@shellweb.com', '2014-09-01 09:35:32', 'Updated s sdf sd site', 'Dan', 5),
(274, 'dan@shellweb.com', '2014-09-01 02:22:21', 'Deleted sdfs fd  hazard', 'Dan', 5),
(275, 'dan@shellweb.com', '2014-09-01 02:22:32', 'Deleted s sdf sd site', 'Dan', 5),
(276, 'dan@shellweb.com', '2014-09-01 02:27:39', 'Deleted Temp hazard', 'Dan', 5),
(277, 'dan@shellweb.com', '2014-09-01 02:28:19', 'Deleted Site 12 Temp site', 'Dan', 5),
(278, 'dan@shellweb.com', '2014-09-01 02:28:33', 'Deleted Temp Title depot', 'Dan', 5),
(279, 'dan@shellweb.com', '2014-09-01 04:14:15', 'Added Divibs -  Under Construction hazard', 'Dan', 5),
(280, 'dan@shellweb.com', '2014-09-01 04:14:16', 'Added Divibs -  Under Construction hazard', 'Dan', 5),
(281, 'dan@shellweb.com', '2014-09-01 04:14:16', 'Added Divibs -  Under Construction hazard', 'Dan', 5),
(282, 'abe@shellweb.com', '2014-09-01 04:24:29', 'Added John-Kevin Villaflor user', 'abe', 82),
(283, 'dan@shellweb.com', '2014-09-01 05:56:49', 'Added Divibs - Construction hazard', 'Dan', 5),
(284, 'dan@shellweb.com', '2014-09-01 06:01:29', 'Added Divina - cons hazard', 'Dan', 5),
(285, 'vic@shellweb.com', '2014-09-01 06:07:28', 'Added AAAargh!@#$%^&*()_++~` depot', 'Victoria', 11),
(286, 'dan@shellweb.com', '2014-09-01 09:35:17', 'Updated Divibs Hazard hazard', 'Dan', 5),
(287, 'vic@shellweb.com', '2014-09-01 06:18:46', 'Added _•1234567890-=+_)(*&^%$#@! depot', 'Victoria', 11),
(288, 'vic@shellweb.com', '2014-09-01 06:18:48', 'Added _•1234567890-=+_)(*&^%$#@! depot', 'Victoria', 11),
(289, 'dan@shellweb.com', '2014-09-01 06:29:22', 'Added Divina - road cons hazard', 'Dan', 5),
(290, 'vic@shellweb.com', '2014-09-01 06:29:55', 'Deleted _•1234567890-=+_)(*&^%$#@! depot', 'Victoria', 11),
(291, 'dan@shellweb.com', '2014-09-01 06:40:25', 'Added Divibs - Site site', 'Dan', 5),
(292, 'vic@shellweb.com', '2014-09-01 06:42:18', 'Deleted AAAargh!@#$%^&*()_++~` depot', 'Victoria', 11),
(293, 'vic@shellweb.com', '2014-09-01 06:44:29', 'Added  site', 'Victoria', 11),
(294, 'dan@shellweb.com', '2014-09-01 06:49:07', 'Added Divibs - Depot depot', 'Dan', 5),
(295, 'dan@shellweb.com', '2014-09-01 09:35:12', 'Updated Divibs - Site site', 'Dan', 5),
(296, 'dan@shellweb.com', '2014-09-01 09:35:09', 'Updated Divibs - Depot depot', 'Dan', 5),
(297, 'dan@shellweb.com', '2014-09-01 06:53:16', 'Deleted yeah depot depot', 'Dan', 5),
(298, 'dan@shellweb.com', '2014-09-01 06:54:25', 'Added sample hazard  hazard', 'Dan', 5),
(299, 'dan@shellweb.com', '2014-09-01 06:59:23', 'Deleted Divina - cons hazard', 'Dan', 5),
(300, 'dan@shellweb.com', '2014-09-01 07:00:27', 'Deleted Divibs - Construction hazard', 'Dan', 5),
(301, 'dan@shellweb.com', '2014-09-01 07:40:52', 'Created     route', 'Dan', 5),
(302, 'ej@shellweb.com', '2014-09-01 07:41:09', 'Added EJ Hazard hazard', 'EL John', 6),
(303, 'dan@shellweb.com', '2014-09-01 09:34:52', 'Updated sample route route', 'Dan', 5),
(304, 'dan@shellweb.com', '2014-09-01 09:34:48', 'Updated sample route route', 'Dan', 5),
(305, 'vic@shellweb.com', '2014-09-01 08:20:50', 'Added * site', 'Victoria', 11),
(306, 'jakevillaflor@gmail.com', '2014-09-01 08:25:15', 'Added Jake Site Marilao site', 'John-Kevin', 83),
(307, 'vic@shellweb.com', '2014-09-01 08:26:30', 'Added OTL depot', 'Victoria', 11),
(308, 'vic@shellweb.com', '2014-09-01 08:26:31', 'Added OTL depot', 'Victoria', 11),
(309, 'vic@shellweb.com', '2014-09-01 08:26:42', 'Added OTL depot', 'Victoria', 11),
(310, 'jakevillaflor@gmail.com', '2014-09-01 08:30:43', 'Added Jake Depot Marilao depot', 'John-Kevin', 83),
(311, 'jakevillaflor@gmail.com', '2014-09-01 08:30:44', 'Added Jake Depot Marilao depot', 'John-Kevin', 83),
(312, 'jakevillaflor@gmail.com', '2014-09-01 08:30:57', 'Added Jake Depot Marilao depot', 'John-Kevin', 83),
(313, 'dan@shellweb.com', '2014-09-01 08:34:11', 'Added ~!@#$%^&*() hazard', 'Dan', 5),
(314, 'dan@shellweb.com', '2014-09-01 08:34:54', 'Added sample lang hazard', 'Dan', 5),
(315, 'dan@shellweb.com', '2014-09-01 08:36:09', 'Added !@#$%^&*() hazard', 'Dan', 5),
(316, 'vic@shellweb.com', '2014-09-01 08:37:58', 'Added ~ hazard', 'Victoria', 11),
(317, 'vic@shellweb.com', '2014-09-01 09:34:40', 'Updated ~ hazard', 'Victoria', 11),
(318, 'dan@shellweb.com', '2014-09-01 08:45:13', 'Added aaaaaaaaaaaaaaa hazard', 'Dan', 5),
(319, 'jakevillaflor@gmail.com', '2014-09-01 08:45:25', 'Added )()(&*!@&# hazard', 'John-Kevin', 83),
(320, 'jakevillaflor@gmail.com', '2014-09-01 08:45:25', 'Added )()(&*!@&# hazard', 'John-Kevin', 83),
(321, 'jakevillaflor@gmail.com', '2014-09-01 08:45:34', 'Added )()(&*!@&# hazard', 'John-Kevin', 83),
(322, 'jakevillaflor@gmail.com', '2014-09-01 08:45:34', 'Added )()(&*!@&# hazard', 'John-Kevin', 83),
(323, 'jakevillaflor@gmail.com', '2014-09-01 08:45:35', 'Added )()(&*!@&# hazard', 'John-Kevin', 83),
(324, 'jakevillaflor@gmail.com', '2014-09-01 08:45:41', 'Added )()(&*!@&# hazard', 'John-Kevin', 83),
(325, 'jakevillaflor@gmail.com', '2014-09-01 08:45:42', 'Added )()(&*!@&# hazard', 'John-Kevin', 83),
(326, 'jakevillaflor@gmail.com', '2014-09-01 08:45:42', 'Added )()(&*!@&# hazard', 'John-Kevin', 83),
(327, 'jakevillaflor@gmail.com', '2014-09-01 08:45:50', 'Added )()(&*!@&# hazard', 'John-Kevin', 83),
(328, 'jakevillaflor@gmail.com', '2014-09-01 08:47:30', 'Deleted )()(&*!@&# hazard', 'John-Kevin', 83),
(329, 'jakevillaflor@gmail.com', '2014-09-01 08:47:30', 'Deleted )()(&*!@&# hazard', 'John-Kevin', 83),
(330, 'jakevillaflor@gmail.com', '2014-09-01 08:47:30', 'Deleted )()(&*!@&# hazard', 'John-Kevin', 83),
(331, 'jakevillaflor@gmail.com', '2014-09-01 08:47:30', 'Deleted )()(&*!@&# hazard', 'John-Kevin', 83),
(332, 'jakevillaflor@gmail.com', '2014-09-01 08:47:30', 'Deleted )()(&*!@&# hazard', 'John-Kevin', 83),
(333, 'jakevillaflor@gmail.com', '2014-09-01 08:47:30', 'Deleted )()(&*!@&# hazard', 'John-Kevin', 83),
(334, 'jakevillaflor@gmail.com', '2014-09-01 08:47:30', 'Deleted )()(&*!@&# hazard', 'John-Kevin', 83),
(335, 'jakevillaflor@gmail.com', '2014-09-01 08:47:30', 'Deleted )()(&*!@&# hazard', 'John-Kevin', 83),
(336, 'dan@shellweb.com', '2014-09-01 08:53:37', 'Deleted Divina - road cons hazard', 'Dan', 5),
(337, 'dan@shellweb.com', '2014-09-01 08:53:37', 'Deleted !@#$%^&*() hazard', 'Dan', 5),
(338, 'jakevillaflor@gmail.com', '2014-09-01 09:34:28', 'Updated Jake Hazard Marilao 1 hazard', 'John-Kevin', 83),
(339, 'jakevillaflor@gmail.com', '2014-09-01 09:34:27', 'Updated Jake Hazard Marilao 1 hazard', 'John-Kevin', 83),
(340, 'jakevillaflor@gmail.com', '2014-09-01 09:02:08', 'Deleted Jake Depot Marilao depot', 'John-Kevin', 83),
(341, 'jakevillaflor@gmail.com', '2014-09-01 09:02:08', 'Deleted Jake Depot Marilao depot', 'John-Kevin', 83),
(342, 'dan@shellweb.com', '2014-09-01 09:06:56', 'Added bbbbbbbbbbbbbbb hazard', 'Dan', 5),
(343, 'dan@shellweb.com', '2014-09-01 09:08:03', 'Added ,mnb,b,mbn,mnm hazard', 'Dan', 5),
(344, 'jakevillaflor@gmail.com', '2014-09-01 09:34:24', 'Updated Jake Depot Marilao depot', 'John-Kevin', 83),
(345, 'jakevillaflor@gmail.com', '2014-09-01 09:34:21', 'Updated Jake Site Marilao site', 'John-Kevin', 83),
(346, 'vic@shellweb.com', '2014-09-01 09:15:29', 'Added HBD depot', 'Victoria', 11),
(347, 'vic@shellweb.com', '2014-09-01 09:34:17', 'Updated OTL depot', 'Victoria', 11),
(348, 'dan@shellweb.com', '2014-09-01 09:18:03', 'Added Dan - Time Test hazard', 'Dan', 5),
(349, 'dan@shellweb.com', '2014-09-01 09:37:35', 'Updated Dan - Time Test hazard', 'Dan', 5),
(350, 'jakevillaflor@gmail.com', '2014-09-01 09:37:35', 'Created Jake Marilao Route 1 route', 'John-Kevin', 83),
(351, 'jakevillaflor@gmail.com', '2014-09-01 09:39:38', 'Updated Jake Hazard Marilao 1 hazard', 'John-Kevin', 83),
(352, 'jakevillaflor@gmail.com', '2014-09-01 09:44:48', 'Added Jake Test Detour Hazard 1 hazard', 'John-Kevin', 83),
(353, 'dan@shellweb.com', '2014-09-01 09:45:27', 'Added mahal kong maynila site', 'Dan', 5),
(354, 'jakevillaflor@gmail.com', '2014-09-01 09:47:04', 'Updated Jake Test Detour Hazard 1 hazard', 'John-Kevin', 83),
(355, 'jakevillaflor@gmail.com', '2014-09-01 09:48:32', 'Updated Jake Test Detour Hazard 1 hazard', 'John-Kevin', 83),
(356, 'jakevillaflor@gmail.com', '2014-09-01 09:50:27', 'Updated Jake Marilao Route 1 route', 'John-Kevin', 83),
(357, 'jakevillaflor@gmail.com', '2014-09-01 09:51:23', 'Deleted Jake Marilao Route 1 route', 'John-Kevin', 83),
(358, 'dan@shellweb.com', '2014-09-01 09:52:25', 'Added under cons hazard', 'Dan', 5),
(359, 'dan@shellweb.com', '2014-09-01 09:52:51', 'Added adsfasdf hazard', 'Dan', 5),
(360, 'jakevillaflor@gmail.com', '2014-09-01 09:53:13', 'Deleted Jake Test Detour Hazard 1 hazard', 'John-Kevin', 83),
(361, 'dan@shellweb.com', '2014-09-01 09:56:21', 'Added dfasdfasdfasd site', 'Dan', 5),
(362, 'jakevillaflor@gmail.com', '2014-09-01 09:57:15', 'Added Jake Trial Detour Hazard 2 hazard', 'John-Kevin', 83),
(363, 'jakevillaflor@gmail.com', '2014-09-01 09:57:15', 'Added Jake Trial Detour Hazard 2 hazard', 'John-Kevin', 83),
(364, 'dan@shellweb.com', '2014-09-01 09:57:35', 'Added fadsfasdfasdf depot', 'Dan', 5),
(365, 'jakevillaflor@gmail.com', '2014-09-01 09:57:56', 'Deleted Jake Trial Detour Hazard 2 hazard', 'John-Kevin', 83),
(366, 'jakevillaflor@gmail.com', '2014-09-01 10:03:03', 'Created jake trial route 1 route', 'John-Kevin', 83),
(367, 'vic@shellweb.com', '2014-09-01 10:05:42', 'Added _ hazard', 'Victoria', 11),
(368, 'jakevillaflor@gmail.com', '2014-09-01 10:05:46', 'Update John-Kevin Villaflor user', 'John-Kevin', 83),
(369, 'vic@shellweb.com', '2014-09-01 10:06:42', 'Added _P STG_TBL depot', 'Victoria', 11),
(370, 'dan@shellweb.com', '2014-09-01 10:23:27', 'Created klfjldaskfjsldk route', 'Dan', 5),
(371, 'dan@shellweb.com', '2014-09-01 10:33:50', 'Added dfasdfsdfasd hazard', 'Dan', 5),
(372, 'dan@shellweb.com', '2014-09-02 03:08:50', 'Deleted under cons hazard', 'Dan', 5),
(373, 'dan@shellweb.com', '2014-09-02 03:11:05', 'Deleted Divibs Site site', 'Dan', 5),
(374, 'dan@shellweb.com', '2014-09-02 03:16:23', 'Added temporary hazard - divibs hazard', 'Dan', 5),
(375, 'dan@shellweb.com', '2014-09-02 03:19:30', 'Added afdasdf hazard', 'Dan', 5),
(376, 'dan@shellweb.com', '2014-09-02 03:27:44', 'Added nova site site', 'Dan', 5),
(377, 'dan@shellweb.com', '2014-09-02 03:29:36', 'Added regalado site site', 'Dan', 5),
(378, 'dan@shellweb.com', '2014-09-02 03:29:45', 'Added tests site', 'Dan', 5),
(379, 'dan@shellweb.com', '2014-09-02 03:32:53', 'Added sdfsf sdfsdfsd site', 'Dan', 5),
(380, 'dan@shellweb.com', '2014-09-02 03:34:20', 'Added don fabian site site', 'Dan', 5),
(381, 'dan@shellweb.com', '2014-09-02 03:40:08', 'Added fadsfasdf site', 'Dan', 5),
(382, 'dan@shellweb.com', '2014-09-02 03:42:38', 'Added fsadfadsfasdf depot', 'Dan', 5),
(383, 'dan@shellweb.com', '2014-09-02 03:44:48', 'Added qewrqwerwe site', 'Dan', 5),
(384, 'dan@shellweb.com', '2014-09-02 03:46:45', 'Deleted _•1234567890-=+_)(*&^%$#@! depot', 'Dan', 5),
(385, 'dan@shellweb.com', '2014-09-02 03:51:07', 'Updated fsadfadsfasdf depot', 'Dan', 5),
(386, 'dan@shellweb.com', '2014-09-02 04:17:33', 'Added sample depot depot', 'Dan', 5),
(387, 'ej@shellweb.com', '2014-09-02 05:36:10', 'Added Walang Net hazard', 'EL John', 6),
(388, 'ej@shellweb.com', '2014-09-02 06:24:12', 'Deleted  site', 'EL John', 6),
(389, 'dan@shellweb.com', '2014-09-02 06:55:44', 'Created divibs route route', 'Dan', 5),
(390, 'ej@shellweb.com', '2014-09-02 07:14:58', 'Added yow hazard', 'EL John', 6),
(391, 'dan@shellweb.com', '2014-09-02 07:55:44', 'Added sample church hazard', 'Dan', 5),
(392, 'abe@shellweb.com', '2014-09-02 08:04:42', 'Updated sample depot depot', 'abe', 82),
(393, 'dan@shellweb.com', '2014-09-02 08:12:49', 'Created fjasdlkfjasldkfjasdlfkja;sdflkja;flkjeowruwieoruieoqwruwoeirusdklfjaslkdjfkasdjflkasdjflaksjfasldfuowieruwoeruwoeiruwoieruwoierjlskdajfklsdjfasdfasf route', 'Dan', 5),
(394, 'ej@shellweb.com', '2014-09-02 09:15:18', 'Added Haggard Management hazard', 'EL John', 6),
(395, 'ej@shellweb.com', '2014-09-02 09:18:34', 'Added  hazard', 'EL John', 6),
(396, 'ej@shellweb.com', '2014-09-02 09:19:19', 'Deleted  hazard', 'EL John', 6),
(397, 'ej@shellweb.com', '2014-09-02 09:19:56', 'Added Yooowww hazard', 'EL John', 6),
(398, 'ej@shellweb.com', '2014-09-02 09:22:05', 'Added Sample Site Upload ajejejej :333 site', 'EL John', 6),
(399, 'ej@shellweb.com', '2014-09-02 09:35:26', 'Added Nice Car Temp hazard', 'EL John', 6),
(400, 'ej@shellweb.com', '2014-09-03 01:16:03', 'Updated Nice Car Temp EDITED hazard', 'EL John', 6),
(401, 'ej@shellweb.com', '2014-09-03 01:16:33', 'Updated Nice Car Temp EDITED PIC hazard', 'EL John', 6),
(402, 'ej@shellweb.com', '2014-09-03 01:17:06', 'Updated Sample Site Upload ajejejej :333 EDITED site', 'EL John', 6),
(403, 'ej@shellweb.com', '2014-09-03 01:30:19', 'Updated Sample Site Upload ajejejej :333 EDITED site', 'EL John', 6),
(404, 'ej@shellweb.com', '2014-09-03 01:33:46', 'Updated Sample Site Upload ajejejej :333 NO PICS UPDATED site', 'EL John', 6),
(405, 'ej@shellweb.com', '2014-09-03 01:35:03', 'Updated sample depot (X MARKS THE SPOT) depot', 'EL John', 6),
(406, 'ej@shellweb.com', '2014-09-03 02:28:36', 'Added Halukay Ube hazard', 'EL John', 6),
(407, 'ej@shellweb.com', '2014-09-03 02:29:32', 'Added Fifty Shades of Sasha Grey hazard', 'EL John', 6),
(408, 'ej@shellweb.com', '2014-09-03 02:40:00', 'Added very lonnnnngggngngngngvery lonnnnngggngngngngvery lonnnnngggngngngngvery lonnnnngggngngngngvery lonnnnngggngngngngvery lonnnnngggngngngngvery lonnnnngggngngngngvery lonnnnngggngngngngvery lonnnnngggngngngngvery lonnnnngggngngngngvery lonnnnngggngngngngvery lonnnnngggngngngngvery lonnnnngggngngngngvery lonnnnngggngngngngvery lonnnnngggngngngngvery lonnnnngggngngngngvery lonnnnngggngngngngvery lonnnnngggngngngngvery lonnnnngggngngngngvery lonnnnngggngngngngvery lonnnnngggngngngngvery lonnnnngggngngngngvery lonnnnngggngngngngvery lonnnnngggngngngngvery lonnnnngggngngngngvery lonnnnngggngngngngvery lonnnnngggngngngngvery lonnnnngggngngngngvery lonnnnngggngngngngvery lonnnnngggngngngngvery lonnnnngggngngngngvery lonnnnngggngngngngvery lonnnnngggngngngngvery lonnnnngggngngngngvery lonnnnngggngngngngvery lonnnnngggngngngngvery lonnnnngggngngngngvery lonnnnngggngngngngvery lonnnnngggngngngngvery lonnnnngggngngngngvery lonnnnngggngngngngvery lonnnnngggngngngngvery lonnnnngggngngngngvery lonnnnngggngngngng hazard', 'EL John', 6),
(409, 'dan@shellweb.com', '2014-09-03 02:53:53', 'Added Divibs Candelaria user', 'Dan', 5),
(410, 'dan@shellweb.com', '2014-09-03 03:01:23', 'Added test bug temp hazard', 'Dan', 5),
(411, 'ej@shellweb.com', '2014-09-03 03:10:16', 'Added Church hazard', 'EL John', 6),
(412, 'dan@shellweb.com', '2014-09-03 03:10:29', 'Added asdasd hazard', 'Dan', 5),
(413, 'ej@shellweb.com', '2014-09-03 05:21:55', 'Updated very long along hazard', 'EL John', 6),
(414, 'divibs@shellweb.com', '2014-09-03 06:42:21', 'Added cvsdfassd hazard', 'Divibs', 84),
(415, 'divibs@shellweb.com', '2014-09-03 06:54:30', 'Updated Depot Divibs depot', 'Divibs', 84),
(416, 'divibs@shellweb.com', '2014-09-03 06:55:45', 'Updated Sites Depot site', 'Divibs', 84),
(417, 'divibs@shellweb.com', '2014-09-03 07:14:37', 'Added manggahan hazard hazard', 'Divibs', 84),
(418, 'divibs@shellweb.com', '2014-09-03 07:25:01', 'Added kasunduan site site', 'Divibs', 84),
(419, 'divibs@shellweb.com', '2014-09-03 07:29:07', 'Added commonwealth depot depot', 'Divibs', 84),
(420, 'ej@shellweb.com', '2014-09-03 09:37:27', 'Created Ikot-ikot din route', 'EL John', 6),
(421, 'ej@shellweb.com', '2014-09-03 09:43:54', 'Updated Ikot-ikot din EDITED route', 'EL John', 6),
(422, 'ej@shellweb.com', '2014-09-03 09:49:30', 'Updated Ikot-ikot din EDITED route', 'EL John', 6),
(423, 'ej@shellweb.com', '2014-09-03 09:56:12', 'Created Binary Rhymes route', 'EL John', 6),
(424, 'ej@shellweb.com', '2014-09-03 09:58:52', 'Created Hexadecimal Activity route', 'EL John', 6),
(425, 'ej@shellweb.com', '2014-09-03 10:01:46', 'Created Alphabet Soup route', 'EL John', 6),
(426, 'divibs@shellweb.com', '2014-09-04 02:05:39', 'Added sample hazard hazard', 'Divibs', 84),
(427, 'divibs@shellweb.com', '2014-09-04 02:09:38', 'Added afsdfasdfadsfadsfa hazard', 'Divibs', 84),
(428, 'divibs@shellweb.com', '2014-09-04 02:09:38', 'Added afsdfasdfadsfadsfa hazard', 'Divibs', 84),
(429, 'divibs@shellweb.com', '2014-09-04 02:16:33', 'Added temporary hazard hazard', 'Divibs', 84),
(430, 'divibs@shellweb.com', '2014-09-04 02:23:25', 'Added sample depot depot', 'Divibs', 84),
(431, 'divibs@shellweb.com', '2014-09-04 02:24:03', 'Added sample depot', 'Divibs', 84),
(432, 'divibs@shellweb.com', '2014-09-04 02:24:04', 'Added sample depot', 'Divibs', 84),
(433, 'divibs@shellweb.com', '2014-09-04 02:36:40', 'Added fadsfadsf site', 'Divibs', 84),
(434, 'divibs@shellweb.com', '2014-09-04 02:38:17', 'Added fadfasd site', 'Divibs', 84),
(435, 'divibs@shellweb.com', '2014-09-04 02:39:18', 'Added fadsfasd hazard', 'Divibs', 84),
(436, 'divibs@shellweb.com', '2014-09-04 02:59:38', 'Added no parkingf hazard', 'Divibs', 84),
(437, 'divibs@shellweb.com', '2014-09-04 03:06:04', 'Created  dfasdfasdfas route', 'Divibs', 84),
(438, 'divibs@shellweb.com', '2014-09-04 03:11:17', 'Created fjffffffffffffffffffffffffffffffffffffffffffffffff route', 'Divibs', 84),
(439, 'dan@shellweb.com', '2014-09-04 03:16:24', 'Added asdas asdas sad depot', 'Dan', 5),
(440, 'divibs@shellweb.com', '2014-09-04 03:29:13', 'Deleted Binary Rhymes route', 'Divibs', 84),
(441, 'divibs@shellweb.com', '2014-09-04 03:29:13', 'Deleted  dfasdfasdfas route', 'Divibs', 84),
(442, 'divibs@shellweb.com', '2014-09-04 03:29:13', 'Deleted fjffffffffffffffffffffffffffffffffffffffffffffffff route', 'Divibs', 84),
(443, 'divibs@shellweb.com', '2014-09-04 03:29:52', 'Deleted klfjldaskfjsldk route', 'Divibs', 84),
(444, 'divibs@shellweb.com', '2014-09-04 03:29:52', 'Deleted divibs route route', 'Divibs', 84),
(445, 'divibs@shellweb.com', '2014-09-04 03:29:52', 'Deleted fjasdlkfjasldkfjasdlfkja;sdflkja;flkjeowruwieoruieoqwruwoeirusdklfjaslkdjfkasdjflkasdjflaksjfasldfuowieruwoeruwoeiruwoieruwoierjlskdajfklsdjfasdfasf route', 'Divibs', 84),
(446, 'divibs@shellweb.com', '2014-09-04 03:35:19', 'Created Divibs Route route', 'Divibs', 84),
(447, 'divibs@shellweb.com', '2014-09-04 03:37:27', 'Updated Divibs Route route', 'Divibs', 84),
(448, 'divibs@shellweb.com', '2014-09-04 03:48:19', 'Deleted asdasd hazard', 'Divibs', 84),
(449, 'divibs@shellweb.com', '2014-09-04 03:48:19', 'Deleted cvsdfassd hazard', 'Divibs', 84),
(450, 'divibs@shellweb.com', '2014-09-04 03:48:41', 'Deleted Divibs - Site site', 'Divibs', 84),
(451, 'divibs@shellweb.com', '2014-09-04 03:48:41', 'Deleted * site', 'Divibs', 84),
(452, 'divibs@shellweb.com', '2014-09-04 03:50:56', 'Deleted _P STG_TBL depot', 'Divibs', 84),
(453, 'divibs@shellweb.com', '2014-09-04 03:50:56', 'Deleted fsadfadsfasdf depot', 'Divibs', 84),
(454, 'divibs@shellweb.com', '2014-09-04 03:58:59', 'Updated sample depot depot', 'Divibs', 84),
(455, 'divibs@shellweb.com', '2014-09-04 04:00:04', 'Updated Sites Depot site', 'Divibs', 84),
(456, 'dan@shellweb.com', '2014-09-04 04:08:16', 'Added asda asas das sa sa asd hazard', 'Dan', 5),
(457, 'dan@shellweb.com', '2014-09-04 04:15:41', 'Added rwerewr depot', 'Dan', 5),
(458, 'divibs@shellweb.com', '2014-09-04 05:47:05', 'Added jane bisnar user', 'Divibs', 84),
(459, 'vic@shellweb.com', '2014-09-04 06:02:15', 'Added Johnsons hazard', 'Victoria', 11),
(460, 'jakevillaflor@gmail.com', '2014-09-04 06:23:24', 'Added Jake Site 2 Marilao site', 'John-Kevin', 83),
(461, 'divibs@shellweb.com', '2014-09-04 06:57:43', 'Updated Divibs Route route', 'Divibs', 84),
(462, 'vic@shellweb.com', '2014-09-04 07:01:59', 'Added * depot', 'Victoria', 11),
(463, 'vic@shellweb.com', '2014-09-04 07:02:05', 'Added * depot', 'Victoria', 11),
(464, 'vic@shellweb.com', '2014-09-04 07:02:10', 'Added * depot', 'Victoria', 11),
(465, 'jakevillaflor@gmail.com', '2014-09-04 07:02:40', 'Added   (*&&(*(*&!@#!#@ depot', 'John-Kevin', 83),
(466, 'jakevillaflor@gmail.com', '2014-09-04 07:02:45', 'Added   (*&&(*(*&!@#!#@ depot', 'John-Kevin', 83),
(467, 'jakevillaflor@gmail.com', '2014-09-04 07:02:52', 'Added   (*&&(*(*&!@#!#@ depot', 'John-Kevin', 83),
(468, 'vic@shellweb.com', '2014-09-04 07:03:01', 'Added * depot', 'Victoria', 11),
(469, 'vic@shellweb.com', '2014-09-04 07:03:05', 'Added * depot', 'Victoria', 11),
(470, 'jakevillaflor@gmail.com', '2014-09-04 07:03:16', 'Added   (*&&(*(*&!@#!#@ depot', 'John-Kevin', 83),
(471, 'vic@shellweb.com', '2014-09-04 07:03:18', 'Added * depot', 'Victoria', 11),
(472, 'jakevillaflor@gmail.com', '2014-09-04 07:03:21', 'Added   (*&&(*(*&!@#!#@ depot', 'John-Kevin', 83),
(473, 'jakevillaflor@gmail.com', '2014-09-04 07:03:26', 'Added   (*&&(*(*&!@#!#@ depot', 'John-Kevin', 83),
(474, 'jakevillaflor@gmail.com', '2014-09-04 07:03:32', 'Added   (*&&(*(*&!@#!#@ depot', 'John-Kevin', 83),
(475, 'jakevillaflor@gmail.com', '2014-09-04 07:04:03', 'Added   (*&&(*(*&!@#!#@ depot', 'John-Kevin', 83),
(476, 'jakevillaflor@gmail.com', '2014-09-04 07:04:07', 'Added   (*&&(*(*&!@#!#@ depot', 'John-Kevin', 83),
(477, 'jakevillaflor@gmail.com', '2014-09-04 07:04:57', 'Added   (*&&(*(*&!@#!#@ depot', 'John-Kevin', 83),
(478, 'jakevillaflor@gmail.com', '2014-09-04 07:04:58', 'Added   (*&&(*(*&!@#!#@ depot', 'John-Kevin', 83),
(479, 'jakevillaflor@gmail.com', '2014-09-04 07:05:10', 'Added   (*&&(*(*&!@#!#@ depot', 'John-Kevin', 83),
(480, 'jakevillaflor@gmail.com', '2014-09-04 07:05:44', 'Added   (*&&(*(*&!@#!#@ depot', 'John-Kevin', 83),
(481, 'jane@shellweb.com', '2014-09-04 07:06:37', 'Added D E P O T   K O   I T O depot', 'jane', 85),
(482, 'vic@shellweb.com', '2014-09-04 07:13:53', 'Added ~ hazard', 'Victoria', 11),
(483, 'vic@shellweb.com', '2014-09-04 07:13:56', 'Added ~ hazard', 'Victoria', 11),
(484, 'vic@shellweb.com', '2014-09-04 07:14:10', 'Added ~ hazard', 'Victoria', 11),
(485, 'vic@shellweb.com', '2014-09-04 07:14:12', 'Added ~ hazard', 'Victoria', 11),
(486, 'vic@shellweb.com', '2014-09-04 07:14:21', 'Added ~ hazard', 'Victoria', 11),
(487, 'vic@shellweb.com', '2014-09-04 07:14:50', 'Added ~ hazard', 'Victoria', 11),
(488, 'vic@shellweb.com', '2014-09-04 07:15:11', 'Added ~ hazard', 'Victoria', 11),
(489, 'vic@shellweb.com', '2014-09-04 07:15:34', 'Added ~ hazard', 'Victoria', 11),
(490, 'vic@shellweb.com', '2014-09-04 07:15:49', 'Added ~ hazard', 'Victoria', 11),
(491, 'vic@shellweb.com', '2014-09-04 07:16:10', 'Added ~ hazard', 'Victoria', 11),
(492, 'vic@shellweb.com', '2014-09-04 07:16:20', 'Added ~ hazard', 'Victoria', 11),
(493, 'vic@shellweb.com', '2014-09-04 07:17:42', 'Added ~ 2345456757868678787 hazard', 'Victoria', 11),
(494, 'vic@shellweb.com', '2014-09-04 07:17:47', 'Added ~ 2345456757868678787 hazard', 'Victoria', 11),
(495, 'vic@shellweb.com', '2014-09-04 07:17:57', 'Added ~ 2345456757868678787 hazard', 'Victoria', 11),
(496, 'jane@shellweb.com', '2014-09-04 07:25:51', 'Added http://114.198.145.45/shell  depot', 'jane', 85),
(497, 'jakevillaflor@gmail.com', '2014-09-04 07:30:56', 'Added  hazard', 'John-Kevin', 83),
(498, 'jakevillaflor@gmail.com', '2014-09-04 07:30:56', 'Added  hazard', 'John-Kevin', 83),
(499, 'jakevillaflor@gmail.com', '2014-09-04 07:30:56', 'Added  hazard', 'John-Kevin', 83),
(500, 'jakevillaflor@gmail.com', '2014-09-04 07:30:57', 'Added  hazard', 'John-Kevin', 83),
(501, 'jakevillaflor@gmail.com', '2014-09-04 07:30:58', 'Added  hazard', 'John-Kevin', 83),
(502, 'jane@shellweb.com', '2014-09-04 07:32:28', 'Added <html><div>HTML AKO</div></html> depot', 'jane', 85),
(503, 'jane@shellweb.com', '2014-09-04 08:34:46', 'Added  Site sa gitna ng pasig river site', 'jane', 85),
(504, 'jane@shellweb.com', '2014-09-04 08:39:44', 'Added  May dadaang bisikleta hazard', 'jane', 85),
(505, 'vic@shellweb.com', '2014-09-04 08:42:21', 'Deleted ~ hazard', 'Victoria', 11),
(506, 'vic@shellweb.com', '2014-09-04 08:42:21', 'Deleted ~ 2345456757868678787 hazard', 'Victoria', 11),
(507, 'vic@shellweb.com', '2014-09-04 08:43:11', 'Deleted   (*&&(*(*&!@#!#@ depot', 'Victoria', 11),
(508, 'vic@shellweb.com', '2014-09-04 08:43:11', 'Deleted   (*&&(*(*&!@#!#@ depot', 'Victoria', 11),
(509, 'vic@shellweb.com', '2014-09-04 08:47:14', 'Added - site', 'Victoria', 11),
(510, 'vic@shellweb.com', '2014-09-04 08:47:15', 'Added - site', 'Victoria', 11),
(511, 'vic@shellweb.com', '2014-09-04 08:47:16', 'Added - site', 'Victoria', 11),
(512, 'vic@shellweb.com', '2014-09-04 09:00:39', 'Added The Columns  depot', 'Victoria', 11),
(513, 'vic@shellweb.com', '2014-09-04 09:09:17', 'Added Lex Shellweb user', 'Victoria', 11),
(514, 'jane@shellweb.com', '2014-09-04 09:10:02', 'Created  iship doon route', 'jane', 85),
(515, 'jakevillaflor@gmail.com', '2014-09-04 09:21:33', 'Created Jake route 2 marilao route', 'John-Kevin', 83),
(516, 'lex@shellweb.com', '2014-09-04 09:21:41', 'Created You route', 'Lex', 86),
(517, 'jakevillaflor@gmail.com', '2014-09-04 09:31:34', 'Created you(again) route', 'John-Kevin', 83),
(518, 'jane@shellweb.com', '2014-09-04 09:38:07', 'Updated  hazard', 'jane', 85),
(519, 'lex@shellweb.com', '2014-09-04 09:40:09', 'Added  site', 'Lex', 86),
(520, 'lex@shellweb.com', '2014-09-04 09:40:12', 'Added  site', 'Lex', 86),
(521, 'lex@shellweb.com', '2014-09-04 09:47:39', 'Added  site', 'Lex', 86),
(522, 'jane@shellweb.com', '2014-09-04 10:00:46', 'Added Shaq O''neil user', 'jane', 85);
INSERT INTO `audit_trail_tb` (`audit_trail_id`, `email`, `date`, `description`, `firstname`, `user_id`) VALUES
(523, '--jane@shellweb.com', '2014-09-04 10:10:13', 'Updated  hazard', 'Shaq', 87),
(524, 'ej@shellweb.com', '2014-09-05 02:20:14', 'Added No Images site', 'EL John', 6),
(525, 'ej@shellweb.com', '2014-09-05 02:23:44', 'Added My Site site', 'EL John', 6),
(526, 'ej@shellweb.com', '2014-09-05 02:26:45', 'Added y u no save? site', 'EL John', 6),
(527, 'ej@shellweb.com', '2014-09-05 02:27:03', 'Added y y delilah? site', 'EL John', 6),
(528, 'ej@shellweb.com', '2014-09-05 02:27:25', 'Added biig savings site', 'EL John', 6),
(529, 'ej@shellweb.com', '2014-09-05 02:37:39', 'Added New hazard hazard', 'EL John', 6),
(530, 'ej@shellweb.com', '2014-09-05 02:38:17', 'Added new depot depot', 'EL John', 6),
(531, 'ej@shellweb.com', '2014-09-05 02:38:41', 'Added new site site', 'EL John', 6),
(532, 'ej@shellweb.com', '2014-09-05 03:16:28', 'Added Oh yeah site', 'EL John', 6),
(533, 'ej@shellweb.com', '2014-09-05 05:15:42', 'Updated New hazard<script>alert(''Hello world!'');</script> hazard', 'EL John', 6),
(534, 'ej@shellweb.com', '2014-09-05 05:20:04', 'Updated Oh yeah site', 'EL John', 6),
(535, 'ej@shellweb.com', '2014-09-05 05:29:24', 'Update EL John Chandragupta Haba PAngalan di ba Orakol yeyeyeyeyye 1234567890 mic check !@!#&2874;(#% Santos user', 'EL John Chandragupta Haba PAngalan di ba Orakol ye', 6),
(536, 'ej@shellweb.com', '2014-09-05 05:40:39', 'Update EL John Chandragupta Haba PAngalan di ba Orakol ye Perezswarzeneggerlilundrenhemsworthsmithkanorgreyo user', 'EL John Chandragupta Haba PAngalan di ba Orakol ye', 6),
(537, 'ej@shellweb.com', '2014-09-05 05:54:53', 'Updated  hazard', 'EL John Chandragupta Haba PAngalan di ba Orakol ye', 6),
(538, 'ej@shellweb.com', '2014-09-05 05:58:45', 'Updated New hazard<script>document.location=''www.google.com.ph''</script> hazard', 'EL John Chandragupta Haba PAngalan di ba Orakol ye', 6),
(539, 'ej@shellweb.com', '2014-09-05 06:25:12', 'Created Routetatouille :3333333333333333333333333333333333 route', 'EL John Chandragupta Haba PAngalan di ba Orakol ye', 6),
(540, 'ej@shellweb.com', '2014-09-05 06:53:33', 'Updated Routetatouille :3333333333333333333333333333333333 route', 'EL John Chandragupta Haba PAngalan di ba Orakol ye', 6),
(541, 'ej@shellweb.com', '2014-09-05 06:54:34', 'Updated Routetatouille :3333333333333333333333333333333333 route', 'EL John Chandragupta Haba PAngalan di ba Orakol ye', 6),
(542, 'ej@shellweb.com', '2014-09-05 07:01:40', 'Updated <h1>Sexist Depot</h1> depot', 'EL John Chandragupta Haba PAngalan di ba Orakol ye', 6),
(543, 'dan@shellweb.com', '2014-09-05 07:17:02', 'Created Test route', 'Dan', 5),
(544, 'dan@shellweb.com', '2014-09-05 07:28:01', 'Updated TEST route', 'Dan', 5),
(545, 'dan@shellweb.com', '2014-09-05 07:29:48', 'Added Test hazard', 'Dan', 5),
(546, 'dan@shellweb.com', '2014-09-05 07:32:43', 'Added Test hazard', 'Dan', 5),
(547, 'dan@shellweb.com', '2014-09-05 07:34:32', 'Updated <h3>TEST</h3> hazard', 'Dan', 5),
(548, 'dan@shellweb.com', '2014-09-05 07:36:33', 'Updated TEST hazard', 'Dan', 5),
(549, 'dan@shellweb.com', '2014-09-05 07:41:24', 'Added as dsd  hazard', 'Dan', 5),
(550, 'ej@shellweb.com', '2014-09-05 07:46:00', 'Added adsds hazard', 'EL John Chandragupta Haba PAngalan di ba Orakol ye', 6),
(551, 'ej@shellweb.com', '2014-09-05 07:46:21', 'Added asdqwe12 depot', 'EL John Chandragupta Haba PAngalan di ba Orakol ye', 6),
(552, 'ej@shellweb.com', '2014-09-05 07:46:43', 'Added site yow site', 'EL John Chandragupta Haba PAngalan di ba Orakol ye', 6),
(553, 'ej@shellweb.com', '2014-09-05 08:22:05', 'Added asd site', 'EL John Chandragupta Haba PAngalan di ba Orakol ye', 6),
(554, 'ej@shellweb.com', '2014-09-05 08:22:57', 'Added a site', 'EL John Chandragupta Haba PAngalan di ba Orakol ye', 6),
(555, 'ej@shellweb.com', '2014-09-05 08:24:59', 'Added b site', 'EL John Chandragupta Haba PAngalan di ba Orakol ye', 6),
(556, 'ej@shellweb.com', '2014-09-05 08:30:19', 'Updated b site', 'EL John Chandragupta Haba PAngalan di ba Orakol ye', 6),
(557, 'ej@shellweb.com', '2014-09-05 08:31:00', 'Updated b site', 'EL John Chandragupta Haba PAngalan di ba Orakol ye', 6),
(558, 'ej@shellweb.com', '2014-09-05 08:32:49', 'Updated  site', 'EL John Chandragupta Haba PAngalan di ba Orakol ye', 6),
(559, 'ej@shellweb.com', '2014-09-05 08:33:00', 'Updated  site', 'EL John Chandragupta Haba PAngalan di ba Orakol ye', 6),
(560, 'ej@shellweb.com', '2014-09-05 08:33:23', 'Added ax site', 'EL John Chandragupta Haba PAngalan di ba Orakol ye', 6),
(561, 'ej@shellweb.com', '2014-09-05 08:34:08', 'Added sdsad depot', 'EL John Chandragupta Haba PAngalan di ba Orakol ye', 6),
(562, 'ej@shellweb.com', '2014-09-05 08:34:33', 'Added a site', 'EL John Chandragupta Haba PAngalan di ba Orakol ye', 6),
(563, 'ej@shellweb.com', '2014-09-05 08:35:10', 'Updated  site', 'EL John Chandragupta Haba PAngalan di ba Orakol ye', 6),
(564, 'ej@shellweb.com', '2014-09-05 08:35:45', 'Updated  site', 'EL John Chandragupta Haba PAngalan di ba Orakol ye', 6),
(565, 'ej@shellweb.com', '2014-09-05 08:39:22', 'Updated  site', 'EL John Chandragupta Haba PAngalan di ba Orakol ye', 6),
(566, 'ej@shellweb.com', '2014-09-05 08:42:16', 'Updated  site', 'EL John Chandragupta Haba PAngalan di ba Orakol ye', 6),
(567, 'ej@shellweb.com', '2014-09-05 08:43:57', 'Updated  hazard', 'EL John Chandragupta Haba PAngalan di ba Orakol ye', 6),
(568, 'ej@shellweb.com', '2014-09-05 08:45:36', 'Updated  hazard', 'EL John Chandragupta Haba PAngalan di ba Orakol ye', 6),
(569, 'ej@shellweb.com', '2014-09-05 08:48:10', 'Updated  hazard', 'EL John Chandragupta Haba PAngalan di ba Orakol ye', 6),
(570, 'ej@shellweb.com', '2014-09-05 08:48:48', 'Updated  hazard', 'EL John Chandragupta Haba PAngalan di ba Orakol ye', 6),
(571, 'ej@shellweb.com', '2014-09-05 08:49:19', 'Updated  hazard', 'EL John Chandragupta Haba PAngalan di ba Orakol ye', 6),
(572, 'ej@shellweb.com', '2014-09-05 08:50:44', 'Updated  depot', 'EL John Chandragupta Haba PAngalan di ba Orakol ye', 6),
(573, 'ej@shellweb.com', '2014-09-05 08:54:49', 'Updated  site', 'EL John Chandragupta Haba PAngalan di ba Orakol ye', 6),
(574, 'ej@shellweb.com', '2014-09-05 09:03:26', 'Updated  site', 'EL John Chandragupta Haba PAngalan di ba Orakol ye', 6),
(575, 'ej@shellweb.com', '2014-09-05 09:19:38', 'Updated as hazard', 'EL John Chandragupta Haba PAngalan di ba Orakol ye', 6),
(576, 'ej@shellweb.com', '2014-09-05 09:21:52', 'Updated ASD hazard', 'EL John Chandragupta Haba PAngalan di ba Orakol ye', 6),
(577, 'ej@shellweb.com', '2014-09-05 09:25:18', 'Updated ASD hazard', 'EL John Chandragupta Haba PAngalan di ba Orakol ye', 6),
(578, 'ej@shellweb.com', '2014-09-05 09:28:30', 'Updated Walang Net hazard', 'EL John Chandragupta Haba PAngalan di ba Orakol ye', 6),
(579, 'ej@shellweb.com', '2014-09-05 09:35:15', 'Updated Walang Net hazard', 'EL John Chandragupta Haba PAngalan di ba Orakol ye', 6),
(580, 'ej@shellweb.com', '2014-09-05 09:37:00', 'Updated ASD hazard', 'EL John Chandragupta Haba PAngalan di ba Orakol ye', 6),
(581, 'ej@shellweb.com', '2014-09-05 09:37:46', 'Updated ASD hazard', 'EL John Chandragupta Haba PAngalan di ba Orakol ye', 6),
(582, 'dan@shellweb.com', '2014-09-08 02:30:11', 'Added testtest testtest user', 'Dan', 5),
(583, 'dan@shellweb.com', '2014-09-08 02:33:10', 'Added testtest testtest user', 'Dan', 5),
(584, 'dan@shellweb.com', '2014-09-08 02:36:59', 'Updated test depot', 'Dan', 5),
(585, 'ej@shellweb.com', '2014-09-08 03:33:43', 'Logged in from IP 192.168.1.172', 'EL John Chandragupta Haba PAngalan di ba Orakol ye', 6),
(586, 'ej@shellweb.com', '2014-09-08 03:45:50', 'Logged in from IP 192.168.1.172', 'EL John Chandragupta Haba PAngalan di ba Orakol ye', 6),
(587, 'vic@shellweb.com', '2014-09-08 03:46:15', 'Logged in from IP 192.168.1.172', 'Victoria', 11),
(588, 'ej@shellweb.com', '2014-09-08 03:59:20', 'Logged in from IP 192.168.1.172', 'EL John Chandragupta Haba PAngalan di ba Orakol ye', 6),
(589, 'ej@shellweb.com', '2014-09-08 05:32:37', 'Logged in from IP 192.168.1.172', 'EL John Chandragupta Haba PAngalan di ba Orakol ye', 6),
(590, 'vic@shellweb.com', '2014-09-08 05:42:36', 'Logged in from IP 192.168.1.172', 'Victoria', 11),
(591, 'ej@shellweb.com', '2014-09-08 05:42:51', 'Logged in from IP 192.168.1.172', 'EL John Chandragupta Haba PAngalan di ba Orakol ye', 6),
(592, 'ej@shellweb.com', '2014-09-08 05:43:24', 'Logged in from IP 192.168.1.172', 'EL John Chandragupta Haba PAngalan di ba Orakol ye', 6),
(593, 'ej@shellweb.com', '2014-09-08 05:53:21', 'Logged in from IP 192.168.1.172', 'EL John Chandragupta Haba PAngalan di ba Orakol ye', 6),
(594, 'ej@shellweb.com', '2014-09-08 05:57:51', 'Logged in from IP 192.168.1.172', 'EL John Chandragupta Haba PAngalan di ba Orakol ye', 6),
(595, 'vic@shellweb.com', '2014-09-08 05:58:51', 'Logged in from IP 192.168.1.172', 'Victoria', 11),
(596, 'ej@shellweb.com', '2014-09-08 05:59:12', 'Logged in from IP 192.168.1.172', 'EL John Chandragupta Haba PAngalan di ba Orakol ye', 6),
(597, 'ej@shellweb.com', '2014-09-08 06:10:05', 'Logged in from IP 192.168.1.172', 'EL John Chandragupta Haba PAngalan di ba Orakol ye', 6),
(598, 'ej@shellweb.com', '2014-09-08 06:10:18', 'Logged in from IP 192.168.1.172', 'EL John Chandragupta Haba PAngalan di ba Orakol ye', 6),
(599, 'ej@shellweb.com', '2014-09-08 06:11:19', 'Logged in from IP 192.168.1.172', 'EL John Chandragupta Haba PAngalan di ba Orakol ye', 6),
(600, 'ej@shellweb.com', '2014-09-08 06:14:13', 'Logged in from IP 192.168.1.172', 'EL John Chandragupta Haba PAngalan di ba Orakol ye', 6),
(601, 'ej@shellweb.com', '2014-09-08 06:17:18', 'Logged in from IP 192.168.1.172', 'EL John Chandragupta Haba PAngalan di ba Orakol ye', 6),
(602, 'ej@shellweb.com', '2014-09-08 06:21:56', 'Logged in from IP 192.168.1.172', 'EL John Chandragupta Haba PAngalan di ba Orakol ye', 6),
(603, 'ej@shellweb.com', '2014-09-08 06:22:19', 'Logged in from IP 192.168.1.172', 'EL John Chandragupta Haba PAngalan di ba Orakol ye', 6),
(604, 'ej@shellweb.com', '2014-09-08 06:24:04', 'Logged in from IP 192.168.1.172', 'EL John Chandragupta Haba PAngalan di ba Orakol ye', 6),
(605, 'dan@shellweb.com', '2014-09-08 06:27:09', 'Logged in from IP 192.168.1.200', 'Dan', 5),
(606, 'ej@shellweb.com', '2014-09-08 06:27:55', 'Logged in from IP 192.168.1.172', 'EL John Chandragupta Haba PAngalan di ba Orakol ye', 6),
(607, 'ej@shellweb.com', '2014-09-08 06:28:17', 'Logged in from IP 192.168.1.172', 'EL John Chandragupta Haba PAngalan di ba Orakol ye', 6),
(608, 'ej@shellweb.com', '2014-09-08 06:28:53', 'Logged in from IP 192.168.1.172', 'EL John Chandragupta Haba PAngalan di ba Orakol ye', 6),
(609, 'dan@shellweb.com', '2014-09-08 06:30:03', 'Logged in from IP 192.168.1.172', 'Dan', 5),
(610, 'dan@shellweb.com', '2014-09-08 06:34:09', 'Logged in from IP 192.168.1.200', 'Dan', 5),
(611, 'dan@shellweb.com', '2014-09-08 06:34:26', 'Logged in from IP 192.168.1.172', 'Dan', 5),
(612, 'dan@shellweb.com', '2014-09-08 06:34:37', 'Logged in from IP 192.168.1.200', 'Dan', 5),
(613, 'dan@shellweb.com', '2014-09-08 06:35:17', 'Deleted test depot', 'Dan', 5),
(614, 'ej@shellweb.com', '2014-09-08 06:38:38', 'Logged in from IP 192.168.1.172', 'EL John Chandragupta Haba PAngalan di ba Orakol ye', 6),
(615, 'ej@shellweb.com', '2014-09-08 06:43:04', 'Logged in from IP 192.168.1.172', 'EL John Chandragupta Haba PAngalan di ba Orakol ye', 6),
(616, 'vic@shellweb.com', '2014-09-08 06:46:23', 'Logged in from IP 192.168.1.172', 'Victoria', 11),
(617, 'vic@shellweb.com', '2014-09-08 06:48:01', 'Added Up Hill Battle hazard', 'Victoria', 11),
(618, 'ej@shellweb.com', '2014-09-08 07:06:42', 'Created National Kidney O.O route', 'EL John Chandragupta Haba PAngalan di ba Orakol ye', 6),
(619, 'ej@shellweb.com', '2014-09-08 07:09:33', 'Updated National Kidney O.O route', 'EL John Chandragupta Haba PAngalan di ba Orakol ye', 6),
(620, 'ej@shellweb.com', '2014-09-08 07:40:43', 'Added Titulo hazard', 'EL John Chandragupta Haba PAngalan di ba Orakol ye', 6),
(621, 'dan@shellweb.com', '2014-09-08 07:54:29', 'Logged in from IP 192.168.1.200', 'Dan', 5),
(622, 'test@shellweb.com', '2014-09-08 07:55:05', 'Logged in from IP 192.168.1.200', 'testtest', 89),
(623, 'dan@shellweb.com', '2014-09-08 08:00:12', 'Logged in from IP 192.168.1.200', 'Dan', 5),
(624, 'dan@shellweb.com', '2014-09-08 08:00:52', 'Added test test user', 'Dan', 5),
(625, 'dan@shellweb.com', '2014-09-08 08:01:30', 'Deleted TEST hazard', 'Dan', 5),
(626, 'dan@shellweb.com', '2014-09-08 08:09:09', 'Deleted   (*&&(*(*&!@#!#@ depot', 'Dan', 5),
(627, 'wahah@shellweb.com', '2014-09-08 08:09:29', 'Logged in from IP 192.168.1.200', 'test', 90),
(628, 'dan@shellweb.com', '2014-09-08 08:12:01', 'Logged in from IP 192.168.1.200', 'Dan', 5),
(629, 'wahah@shellweb.com', '2014-09-08 08:15:18', 'Logged in from IP 192.168.1.200', 'test', 90),
(630, 'dan@shellweb.com', '2014-09-08 09:50:27', 'Logged in from IP 192.168.1.200', 'Dan', 5),
(631, 'dan@shellweb.com', '2014-09-08 09:51:17', 'Deleted TEST route', 'Dan', 5),
(632, 'dan@shellweb.com', '2014-09-08 09:51:59', 'Deleted new site site', 'Dan', 5),
(633, 'dan@shellweb.com', '2014-09-08 09:52:15', 'Deleted Oh yeah site', 'Dan', 5),
(634, 'dan@shellweb.com', '2014-09-08 09:52:36', 'Deleted   (*&&(*(*&!@#!#@ depot', 'Dan', 5),
(635, 'ej@shellweb.com', '2014-09-09 01:49:49', 'Logged in from IP 192.168.1.172', 'EL John Chandragupta Haba PAngalan di ba Orakol ye', 6),
(636, 'ej@shellweb.com', '2014-09-09 02:26:16', 'Logged in from IP 192.168.1.172', 'EL John Chandragupta Haba PAngalan di ba Orakol ye', 6),
(637, 'wahah@shellweb.com', '2014-09-09 02:27:51', 'Logged in from IP 192.168.1.172', 'test', 90),
(638, 'divibs@shellweb.com', '2014-09-09 02:29:44', 'Logged in from IP 120.28.93.241', 'Divibs', 84),
(639, 'lex@shellweb.com', '2014-09-09 02:31:39', 'Logged in from IP 120.28.93.241', 'Lex', 86),
(640, 'divibs@shellweb.com', '2014-09-09 02:38:47', 'Logged in from IP 120.28.93.241', 'Divibs', 84),
(641, 'divibs@shellweb.com', '2014-09-09 02:47:41', 'Added sample hazard hazard', 'Divibs', 84),
(642, 'divibs@shellweb.com', '2014-09-09 02:52:49', 'Added fadsfadsfasdf hazard', 'Divibs', 84),
(643, 'divibs@shellweb.com', '2014-09-09 03:02:24', 'Added                    sample site site', 'Divibs', 84),
(644, 'divibs@shellweb.com', '2014-09-09 03:09:45', 'Added kalayaan dept depot', 'Divibs', 84),
(645, 'divibs@shellweb.com', '2014-09-09 03:12:47', 'Added r7 depot', 'Divibs', 84),
(646, 'lex@shellweb.com', '2014-09-09 03:19:10', 'Updated edited hazard hazard', 'Lex', 86),
(647, 'lex@shellweb.com', '2014-09-09 03:20:18', 'Deleted ~ hazard', 'Lex', 86),
(648, 'lex@shellweb.com', '2014-09-09 03:20:18', 'Deleted ~ hazard', 'Lex', 86),
(649, 'lex@shellweb.com', '2014-09-09 03:24:14', 'Deleted y u no save? site', 'Lex', 86),
(650, 'lex@shellweb.com', '2014-09-09 03:24:14', 'Deleted y y delilah? site', 'Lex', 86),
(651, 'lex@shellweb.com', '2014-09-09 03:24:14', 'Deleted asd site', 'Lex', 86),
(652, 'lex@shellweb.com', '2014-09-09 03:28:59', 'Deleted   (*&&(*(*&!@#!#@ depot', 'Lex', 86),
(653, 'lex@shellweb.com', '2014-09-09 03:28:59', 'Deleted  depot', 'Lex', 86),
(654, 'jakevillaflor@gmail.com', '2014-09-09 03:31:44', 'Logged in from IP 120.28.93.241', 'John-Kevin', 83),
(655, 'lex@shellweb.com', '2014-09-09 03:38:00', 'Updated mukhang,ndi depot', 'Lex', 86),
(656, 'jakevillaflor@gmail.com', '2014-09-09 03:47:46', 'Added Jake Pulilan Site site', 'John-Kevin', 83),
(657, 'lex@shellweb.com', '2014-09-09 05:27:28', 'Logged in from IP 120.28.93.241', 'Lex', 86),
(658, 'dan@shellweb.com', '2014-09-09 05:32:21', 'Logged in from IP 192.168.1.200', 'Dan', 5),
(659, 'dan@shellweb.com', '2014-09-09 05:34:06', 'Added test hazard', 'Dan', 5),
(660, 'divibs@shellweb.com', '2014-09-09 05:37:14', 'Created sample depot at kalayaan aaaaaaaaaaaaaaaaaaaaaaaaa route', 'Divibs', 84),
(661, 'lex@shellweb.com', '2014-09-09 05:48:48', 'Deleted  hazard', 'Lex', 86),
(662, 'lex@shellweb.com', '2014-09-09 05:49:08', 'Deleted  site', 'Lex', 86),
(663, 'lex@shellweb.com', '2014-09-09 05:54:09', 'Deleted   (*&&(*(*&!@#!#@ depot', 'Lex', 86),
(664, 'lex@shellweb.com', '2014-09-09 05:54:09', 'Deleted   (*&&(*(*&!@#!#@ depot', 'Lex', 86),
(665, 'jakevillaflor@gmail.com', '2014-09-09 05:57:57', 'Updated  site', 'John-Kevin', 83),
(666, 'divibs@shellweb.com', '2014-09-09 05:59:19', 'Created                                        bbbbbbbbbbb route', 'Divibs', 84),
(667, 'jakevillaflor@gmail.com', '2014-09-09 06:00:31', 'Updated  site', 'John-Kevin', 83),
(668, 'jakevillaflor@gmail.com', '2014-09-09 06:04:08', 'Updated Jake Pulilan Site site', 'John-Kevin', 83),
(669, 'lex@shellweb.com', '2014-09-09 06:06:34', 'Updated Rave Vol. 16 depot', 'Lex', 86),
(670, 'divibs@shellweb.com', '2014-09-09 06:07:29', 'Updated Depot Divibs - updated lang depot', 'Divibs', 84),
(671, 'lex@shellweb.com', '2014-09-09 06:10:43', 'Deleted * depot', 'Lex', 86),
(672, 'lex@shellweb.com', '2014-09-09 06:10:43', 'Deleted * depot', 'Lex', 86),
(673, 'lex@shellweb.com', '2014-09-09 06:10:43', 'Deleted   (*&&(*(*&!@#!#@ depot', 'Lex', 86),
(674, 'lex@shellweb.com', '2014-09-09 06:10:43', 'Deleted   (*&&(*(*&!@#!#@ depot', 'Lex', 86),
(675, 'lex@shellweb.com', '2014-09-09 06:12:11', 'Deleted   (*&&(*(*&!@#!#@ depot', 'Lex', 86),
(676, 'lex@shellweb.com', '2014-09-09 06:12:11', 'Deleted mukhang,ndi depot', 'Lex', 86),
(677, 'divibs@shellweb.com', '2014-09-09 06:15:27', 'Updated Divibs Depot - updated depot', 'Divibs', 84),
(678, 'divibs@shellweb.com', '2014-09-09 06:22:57', 'Updated Divibs Route route', 'Divibs', 84),
(679, 'jakevillaflor@gmail.com', '2014-09-09 06:34:58', 'Added jake villaflor user', 'John-Kevin', 83),
(680, 'jakevillaflor@gmail.com', '2014-09-09 06:36:42', 'Logged in from IP 120.28.93.241', 'John-Kevin', 83),
(681, 'lex@shellweb.com', '2014-09-09 06:48:44', 'Logged in from IP 120.28.93.241', 'Lex', 86),
(682, 'divibs@shellweb.com', '2014-09-09 06:56:43', 'Logged in from IP 120.28.93.241', 'Divibs', 84),
(683, 'divibs@shellweb.com', '2014-09-09 06:58:44', 'Logged in from IP 120.28.93.241', 'Divibs', 84),
(684, 'divibs@shellweb.com', '2014-09-09 07:00:16', 'Logged in from IP 120.28.93.241', 'Divibs', 84),
(685, 'jakevillaflor@gmail.com', '2014-09-09 07:04:43', 'Added Jake Depot Angat Lake depot', 'John-Kevin', 83),
(686, 'divibs@shellweb.com', '2014-09-09 07:07:51', 'Logged in from IP 120.28.93.241', 'Divibs', 84),
(687, 'divibs@shellweb.com', '2014-09-09 07:11:53', 'Logged in from IP 120.28.93.241', 'Divibs', 84),
(688, 'jakevillaflor@gmail.com', '2014-09-09 07:13:30', 'Updated Jake Depot Angat Lake depot', 'John-Kevin', 83),
(689, 'lex@shellweb.com', '2014-09-09 07:13:42', 'Created Natural Drinking Water route', 'Lex', 86),
(690, 'divibs@shellweb.com', '2014-09-09 07:15:18', 'Logged in from IP 120.28.93.241', 'Divibs', 84),
(691, 'jakevillaflor@gmail.com', '2014-09-09 07:18:49', 'Updated Jake Depot Angat Lake depot', 'John-Kevin', 83),
(692, 'divibs@shellweb.com', '2014-09-09 07:23:06', 'Created congressional route route', 'Divibs', 84),
(693, 'divibs@shellweb.com', '2014-09-09 07:25:08', 'Created sample sm route', 'Divibs', 84),
(694, 'divibs@shellweb.com', '2014-09-09 07:26:50', 'Added sample hazard using mozilla hazard', 'Divibs', 84),
(695, 'divibs@shellweb.com', '2014-09-09 07:29:38', 'Added sample site using mozilla site', 'Divibs', 84),
(696, 'divibs@shellweb.com', '2014-09-09 07:33:06', 'Added sample depot using mozilla depot', 'Divibs', 84),
(697, 'jakevillaflor@gmail.com', '2014-09-09 07:44:07', 'Logged in from IP 120.28.93.241', 'John-Kevin', 83),
(698, 'divibs@shellweb.com', '2014-09-09 07:51:53', 'Created sample route using mozilla route', 'Divibs', 84),
(699, 'divibs@shellweb.com', '2014-09-09 07:57:23', 'Created sample route 2 using mozilla route', 'Divibs', 84),
(700, 'divibs@shellweb.com', '2014-09-09 09:23:47', 'Logged in from IP 120.28.93.241', 'Divibs', 84),
(701, 'divibs@shellweb.com', '2014-09-10 01:47:40', 'Logged in from IP 120.28.93.241', 'Divibs', 84),
(702, 'ej@shellweb.com', '2014-09-10 02:04:59', 'Logged in from IP 65.49.14.154', 'EL John Chandragupta Haba PAngalan di ba Orakol ye', 6);

-- --------------------------------------------------------

--
-- Table structure for table `depot_latlng_tb`
--

CREATE TABLE IF NOT EXISTS `depot_latlng_tb` (
  `depot_id` int(11) NOT NULL,
  `latitude` varchar(100) NOT NULL,
  `longitude` varchar(100) NOT NULL
) ENGINE=InnoDB DEFAULT CHARSET=latin1;

--
-- Dumping data for table `depot_latlng_tb`
--

INSERT INTO `depot_latlng_tb` (`depot_id`, `latitude`, `longitude`) VALUES
(2, '7.1228133839493', '125.65913200378'),
(2, '7.1210461382652', '125.66078424454'),
(2, '7.1211525990414', '125.65774798393'),
(4, '14.595907929997', '121.00373983383'),
(4, '14.595149999902', '121.00443720818'),
(4, '14.596105199046', '121.00490391254'),
(3, '10.920033875825', '121.98230624199'),
(3, '10.917937490185', '121.98247790337'),
(3, '10.91796382678', '121.9827246666'),
(3, '10.918911942637', '121.982665658'),
(3, '10.918933011844', '121.98311090469'),
(3, '10.919022555957', '121.98347568512'),
(3, '10.919396534018', '121.98355615139'),
(3, '10.919717838736', '121.98355615139'),
(3, '10.91990746103', '121.98339521885'),
(3, '10.920065479516', '121.98301970959'),
(5, '14.414615925931', '121.04606509209'),
(5, '14.414714641254', '121.04686975479'),
(5, '14.414174304212', '121.04684829712'),
(7, '14.413259884696', '121.04486882687'),
(7, '14.413337818324', '121.0454428196'),
(7, '14.412849433807', '121.04537844658'),
(8, '14.413483294356', '121.04718089104'),
(8, '14.413805419518', '121.04760468006'),
(8, '14.413062452717', '121.0476154089'),
(9, '14.678651933125', '121.05330705643'),
(9, '14.672943589697', '121.04910135269'),
(9, '14.669746852326', '121.05523824692'),
(9, '14.675361869733', '121.05949759483'),
(20, '14.760939282138', '121.09843254089'),
(20, '14.744422044154', '121.07800483704'),
(20, '14.744671057048', '121.11989021301'),
(20, '14.760939282138', '121.09843254089'),
(21, '10.681230650823', '122.94049322605'),
(21, '10.680450471995', '122.94104039669'),
(21, '10.681141035789', '122.94144809246'),
(23, '10.681230650823', '122.94049322605'),
(23, '10.680450471995', '122.94104039669'),
(23, '10.681141035789', '122.94144809246'),
(26, '14.774311930812', '120.96691042185'),
(26, '14.774060358321', '120.96632838249'),
(26, '14.77342753551', '120.96679240465'),
(26, '14.773629831527', '120.96727252007'),
(27, '10.661699220338', '122.95666158199'),
(27, '10.659221459355', '122.95676350594'),
(27, '10.65898949772', '122.96290040016'),
(27, '10.661567425049', '122.96303451061'),
(22, '10.68062179522', '122.9406273365'),
(22, '10.681288637007', '122.94101089239'),
(22, '10.68074567503', '122.94138640165'),
(28, '14.695111885468', '121.0868024826'),
(28, '14.695111885468', '121.0868024826'),
(28, '14.693036297734', '121.08633041382'),
(28, '14.693036297734', '121.08633041382'),
(28, '14.69378351159', '121.0901927948'),
(28, '14.69378351159', '121.0901927948'),
(31, '14.705302735096', '121.08378231525'),
(31, '14.706439058001', '121.08324587345'),
(31, '14.706532454141', '121.0834980011'),
(31, '14.705499905705', '121.08400225639'),
(31, '14.706496133424', '121.08486056328'),
(31, '14.706381982562', '121.08509123325'),
(31, '14.705364999518', '121.0843026638'),
(31, '14.704451786217', '121.08517169952'),
(31, '14.704353200462', '121.0850161314'),
(31, '14.70508480948', '121.08402907848'),
(31, '14.70425980339', '121.08322441578'),
(31, '14.704415465155', '121.08287036419'),
(32, '14.698007297417', '121.08138442039'),
(32, '14.698090319416', '121.08292937279'),
(32, '14.699148847135', '121.0825753212'),
(32, '14.6993460233', '121.08140587807'),
(34, '14.690509243053', '121.08541846275'),
(34, '14.690509243053', '121.08541846275'),
(34, '14.690016282368', '121.08554184437'),
(34, '14.690016282368', '121.08554184437'),
(34, '14.690312058913', '121.08631968498'),
(34, '14.690312058913', '121.08631968498'),
(35, '14.690509243053', '121.08541846275'),
(35, '14.690509243053', '121.08541846275'),
(35, '14.690016282368', '121.08554184437'),
(35, '14.690016282368', '121.08554184437'),
(35, '14.690312058913', '121.08631968498'),
(35, '14.690312058913', '121.08631968498'),
(36, '10.919596691096', '121.98477387428'),
(36, '10.917700460727', '121.98572874069'),
(36, '10.919048892455', '121.98664069176'),
(33, '14.693028514243', '121.08625531197'),
(33, '14.692830035126', '121.08627676964'),
(33, '14.692998677525', '121.08644843102'),
(38, '10.670450299786', '122.95390963554'),
(38, '10.671188331119', '122.95416176319'),
(38, '10.67102491005', '122.95469284058'),
(38, '10.670302693305', '122.95522391796'),
(38, '10.669975850127', '122.95444071293'),
(44, '10.670450299786', '122.95390963554'),
(44, '10.671188331119', '122.95416176319'),
(44, '10.67102491005', '122.95469284058'),
(44, '10.670302693305', '122.95522391796'),
(44, '10.669975850127', '122.95444071293'),
(45, '10.670450299786', '122.95390963554'),
(45, '10.671188331119', '122.95416176319'),
(45, '10.67102491005', '122.95469284058'),
(45, '10.670302693305', '122.95522391796'),
(45, '10.669975850127', '122.95444071293'),
(46, '14.752997261708', '120.95935732126'),
(46, '14.752953167383', '120.95928892493'),
(46, '14.753056918723', '120.95920711756'),
(46, '14.75310360681', '120.9592795372'),
(47, '10.670450299786', '122.95390963554'),
(47, '10.671188331119', '122.95416176319'),
(47, '10.67102491005', '122.95469284058'),
(47, '10.670302693305', '122.95522391796'),
(47, '10.669975850127', '122.95444071293'),
(48, '14.752997261708', '120.95935732126'),
(48, '14.752953167383', '120.95928892493'),
(48, '14.753056918723', '120.95920711756'),
(48, '14.75310360681', '120.9592795372'),
(49, '14.752997261708', '120.95935732126'),
(49, '14.752953167383', '120.95928892493'),
(49, '14.753056918723', '120.95920711756'),
(49, '14.75310360681', '120.9592795372'),
(57, '14.598622959527', '121.00311219692'),
(57, '14.598887712048', '121.00374519825'),
(57, '14.598369886967', '121.00426286459'),
(57, '14.598080475426', '121.00352525711'),
(59, '14.597439356127', '121.0008752346'),
(59, '14.597075967841', '121.00105762482'),
(59, '14.596795639324', '121.00080817938'),
(59, '14.596940994896', '121.00049436092'),
(60, '14.562317701915', '121.01539134979'),
(60, '14.56167388247', '121.01521968842'),
(60, '14.561196208765', '121.01556301117'),
(60, '14.560926218821', '121.01620674133'),
(60, '14.561071598063', '121.0168504715'),
(60, '14.562110018428', '121.01721525192'),
(60, '14.562649995086', '121.01693630219'),
(61, '14.415183538444', '121.04533687234'),
(61, '14.415187435092', '121.04543879628'),
(61, '14.415110800994', '121.0454441607'),
(61, '14.415093915511', '121.04563727975'),
(61, '14.415061443426', '121.04566812515'),
(61, '14.415004292543', '121.04569360614'),
(61, '14.414927658382', '121.04572176933'),
(61, '14.41490038181', '121.04566007853'),
(61, '14.415027023009', '121.04557290673'),
(61, '14.414975717096', '121.04557424784'),
(61, '14.414874404119', '121.04555949569'),
(61, '14.414770493326', '121.04554742575'),
(61, '14.414661386941', '121.04560241103'),
(61, '14.414617224817', '121.04563459754'),
(61, '14.414540590523', '121.04567751288'),
(61, '14.414471749525', '121.04571506381'),
(61, '14.414480841734', '121.0451464355'),
(61, '14.414548383843', '121.04517929256'),
(61, '14.41463281145', '121.04522522539'),
(61, '14.414681519671', '121.0452481918'),
(61, '14.414780072604', '121.04530824814'),
(61, '14.415034491591', '121.04525833391'),
(61, '14.414921163961', '121.04520007968'),
(61, '14.414940647225', '121.04514375329'),
(61, '14.415104306578', '121.04519739747'),
(61, '14.415113398761', '121.04533486068'),
(62, '14.414813356534', '121.04403734207'),
(62, '14.414584752662', '121.04437530041'),
(62, '14.415073133377', '121.04447722435'),
(64, '14.691910283139', '121.08819723129'),
(64, '14.691521106238', '121.08815431595'),
(64, '14.691744234413', '121.08859419823'),
(65, '14.687769405375', '121.08711898327'),
(65, '14.687494381893', '121.08717262745'),
(65, '14.687577407886', '121.08737647533'),
(66, '14.952828686812', '121.19176268578'),
(66, '14.952693934717', '121.19391918182'),
(66, '14.951315312274', '121.19383335114'),
(66, '14.951429334015', '121.19184851646'),
(67, '14.683706287411', '121.08639478683'),
(67, '14.683239257519', '121.08642697334'),
(67, '14.683524664794', '121.08688294888');

-- --------------------------------------------------------

--
-- Table structure for table `depot_tb`
--

CREATE TABLE IF NOT EXISTS `depot_tb` (
  `depot_id` int(11) NOT NULL AUTO_INCREMENT,
  `depot_name` varchar(100) NOT NULL,
  `depot_img` varchar(100) NOT NULL,
  `depot_photo` varchar(100) NOT NULL,
  `hazard_icon` varchar(100) NOT NULL,
  `depot_location` varchar(100) NOT NULL,
  `created_by` varchar(100) NOT NULL,
  `created_date` timestamp NOT NULL DEFAULT CURRENT_TIMESTAMP ON UPDATE CURRENT_TIMESTAMP,
  `active` tinyint(1) NOT NULL DEFAULT '1',
  `depot_information` text NOT NULL,
  `depot_region` text NOT NULL,
  `center_latitude` varchar(200) NOT NULL,
  `center_longitude` varchar(200) NOT NULL,
  `status` int(11) NOT NULL,
  `speed_limit` int(11) DEFAULT NULL,
  `last_update_by` varchar(100) NOT NULL,
  `start_date` datetime NOT NULL,
  `end_date` datetime DEFAULT NULL,
  PRIMARY KEY (`depot_id`)
) ENGINE=InnoDB  DEFAULT CHARSET=latin1 AUTO_INCREMENT=68 ;

--
-- Dumping data for table `depot_tb`
--

INSERT INTO `depot_tb` (`depot_id`, `depot_name`, `depot_img`, `depot_photo`, `hazard_icon`, `depot_location`, `created_by`, `created_date`, `active`, `depot_information`, `depot_region`, `center_latitude`, `center_longitude`, `status`, `speed_limit`, `last_update_by`, `start_date`, `end_date`) VALUES
(2, 'Pilipinas Shell Petroleum Corporation Davao', 'shell_davao_depot.jpg', '', 'depot.png', 'Davao City-Panabo City Road, Davao City', 'EL John', '2014-08-12 07:50:06', 1, '', 'Davao Region', '7.1219297611073', '125.65926611423', 1, 0, '', '0000-00-00 00:00:00', '0000-00-00 00:00:00'),
(3, 'EJ Depot', 'ad0wyaw_460s_v1_(2).jpg', '', 'depot.png', 'Unnamed Road, Patnongon', 'EL John', '2014-08-12 07:50:06', 1, 'EJ Depot', 'Western Visayas', '10.91911209717', '121.98305726051', 0, 0, 'EL John', '2014-08-25 15:45:00', '2014-08-31 15:45:00'),
(4, 'Pandacan Depot', 'pandacan_depot.jpg', '', 'depot.png', 'Pandacan, Manila', 'Dan', '2014-08-12 07:50:06', 1, '', 'NCR', '14.595627599474', '121.00432187319', 1, 0, '', '0000-00-00 00:00:00', '0000-00-00 00:00:00'),
(5, 'Depot ko to', 'a9mb216_460s.jpg', '', 'depot.png', 'Pan - Philippine Highway, Muntinlupa', 'EL John', '2014-08-12 07:50:06', 1, '', 'NCR', '14.414444472733', '121.04646742344', 1, NULL, '', '0000-00-00 00:00:00', NULL),
(7, 'Depot depot', 'ad0wyaw_460s_v1.jpg', '', 'depot.png', 'UP Street, Muntinlupa', 'EL John', '2014-08-11 05:25:00', 1, '', 'NCR', '14.413093626065', '121.04515582323', 1, NULL, '', '0000-00-00 00:00:00', NULL),
(8, 'Depot ko ulet', 'abqkkm1_460s.jpg', '', 'depot.png', '5th Street, Muntinlupa', 'EL John', '2014-08-12 07:50:06', 1, '', 'NCR', '14.413433936117', '121.04739814997', 1, NULL, '', '0000-00-00 00:00:00', NULL),
(9, 'Divibs Depot - updated', 'under-construction.jpg', '', 'depot.png', 'Pilar Hidalgo, Quezon City', 'Dan', '2014-09-09 06:15:27', 1, 'erqwterwerqwerqw', 'NCR', '14.675808138978', '121.0537147522', 1, NULL, 'Divibs', '0000-00-00 00:00:00', '0000-00-00 00:00:00'),
(20, 'Divibs - Depot', 'dummy_logo.jpg', '', 'depot.png', 'Anunciation, Novaliches', 'Dan', '2014-09-01 06:52:49', 1, 'sample information depot', 'NCR', '14.750978655523', '121.09748840332', 1, NULL, 'Dan', '0000-00-00 00:00:00', '0000-00-00 00:00:00'),
(21, 'OTL', 'hagiwara.jpg', '', 'depot.png', 'San Juan Street, Bacolod', 'Victoria', '2014-09-01 08:26:30', 1, '', 'Western Visayas', '10.680840561409', '122.94097065926', 0, NULL, '', '0000-00-00 00:00:00', NULL),
(22, 'OTL', 'hagiwara.jpg', '', 'depot.png', 'San Juan Street, Bacolod', 'Victoria', '2014-09-01 09:17:55', 1, 'version 2 | same location and name', 'Western Visayas', '10.680840561409', '122.94097065926', 1, NULL, 'Victoria', '0000-00-00 00:00:00', '0000-00-00 00:00:00'),
(23, 'OTL', 'hagiwara.jpg', '', 'depot.png', 'San Juan Street, Bacolod', 'Victoria', '2014-09-01 08:26:42', 1, '', 'Western Visayas', '10.680840561409', '122.94097065926', 0, NULL, '', '0000-00-00 00:00:00', NULL),
(26, 'Jake Depot Marilao', '20120826_00008.jpg', '', 'depot.png', 'Iglesia ni Cristo St., Marilao', 'John-Kevin', '2014-09-01 09:09:26', 1, 'Jake Depot Marilao', 'Central Luzon', '14.773865842913', '120.96681118011', 1, NULL, 'John-Kevin', '0000-00-00 00:00:00', '0000-00-00 00:00:00'),
(27, 'HBD', 'charls.jpg', '', 'depot.png', 'Saint Gabriel Street, Bacolod', 'Victoria', '2014-09-01 09:15:29', 1, '', 'Western Visayas', '10.660344359029', '122.9598480463', 0, NULL, '', '0000-00-00 00:00:00', NULL),
(28, 'Depot Divibs - updated lang', 'dummy_logo.jpg', '', 'depot.png', 'R7, Quezon City', 'Dan', '2014-09-09 06:07:29', 1, 'dummy depot', 'NCR', '14.694074091601', '121.08826160431', 1, NULL, 'Divibs', '0000-00-00 00:00:00', '0000-00-00 00:00:00'),
(31, 'sample depot (X MARKS THE SPOT)', 'splash.jpg', '', 'depot.png', 'Commonwealth Avenue, Quezon City', 'Dan', '2014-09-03 01:35:03', 1, 'sample depot', 'NCR', '14.705136689084', '121.0840344429', 1, NULL, 'EL John', '0000-00-00 00:00:00', '0000-00-00 00:00:00'),
(32, 'commonwealth depot', 'images.jpg', '', 'depot.png', 'Ecol Street, Quezon City', 'Divibs', '2014-09-03 07:29:07', 1, 'rtwertwertwertwer', 'NCR', '14.698676660358', '121.08215689659', 0, NULL, '', '0000-00-00 00:00:00', NULL),
(33, 'sample depot', 'travel2.jpg', '', 'depot.png', 'Riverside Street, Quezon City', 'Divibs', '2014-09-04 03:58:59', 1, 'sample depotljkljlkjlk', 'NCR', '14.692974029709', '121.08632236719', 1, NULL, 'Divibs', '0000-00-00 00:00:00', '0000-00-00 00:00:00'),
(34, 'sample', 'no-image.jpg', '', 'depot.png', 'San Simon, Quezon City', 'Divibs', '2014-09-04 02:24:03', 1, 'sample', 'NCR', '14.690262762711', '121.08586907387', 0, NULL, '', '0000-00-00 00:00:00', NULL),
(35, 'sample', 'no-image.jpg', '', 'depot.png', 'San Simon, Quezon City', 'Divibs', '2014-09-04 02:24:04', 1, 'sample', 'NCR', '14.690262762711', '121.08586907387', 0, NULL, '', '0000-00-00 00:00:00', NULL),
(36, 'asdas asdas sad', 'front1__1407222159_114.198.145.42.jpg', '', 'depot.png', 'Barrientos Street, Patnongon', 'Dan', '2014-09-04 03:16:24', 1, '', 'Western Visayas', '10.918648575912', '121.98570728302', 0, NULL, '', '0000-00-00 00:00:00', NULL),
(38, '*', 'no-image.jpg', '', 'depot.png', 'Gustilo Street, Bacolod', 'Victoria', '2014-09-04 07:01:59', 1, '', 'Western Visayas', '10.670582090623', '122.95456677675', 0, NULL, '', '0000-00-00 00:00:00', NULL),
(44, '*', 'no-image.jpg', '', 'depot.png', 'Gustilo Street, Bacolod', 'Victoria', '2014-09-04 07:03:01', 1, 'checkmate', 'Western Visayas', '10.670582090623', '122.95456677675', 0, NULL, '', '0000-00-00 00:00:00', NULL),
(45, '*', 'no-image.jpg', '', 'depot.png', 'Gustilo Street, Bacolod', 'Victoria', '2014-09-04 07:03:05', 1, 'checkmate', 'Western Visayas', '10.670582090623', '122.95456677675', 0, NULL, '', '0000-00-00 00:00:00', NULL),
(46, '  (*&&(*(*&!@#!#@', 'no-image.jpg', '', 'depot.png', 'Medallion Drive Road, Meycauayan City', 'John-Kevin', '2014-09-04 07:03:16', 1, '  (*&&(*(*&!@#!#@', 'Central Luzon', '14.753028387097', '120.95928221941', 0, NULL, '', '0000-00-00 00:00:00', NULL),
(47, '*', 'no-image.jpg', '', 'depot.png', 'Gustilo Street, Bacolod', 'Victoria', '2014-09-04 07:03:18', 1, 'checkmate', 'Western Visayas', '10.670582090623', '122.95456677675', 0, NULL, '', '0000-00-00 00:00:00', NULL),
(48, '  (*&&(*(*&!@#!#@', 'no-image.jpg', '', 'depot.png', 'Medallion Drive Road, Meycauayan City', 'John-Kevin', '2014-09-04 07:03:21', 1, '  (*&&(*(*&!@#!#@', 'Central Luzon', '14.753028387097', '120.95928221941', 0, NULL, '', '0000-00-00 00:00:00', NULL),
(49, 'Rave Vol. 16', 'rave_vol._16_insert_1.jpg', '', 'depot.png', 'Medallion Drive Road, Meycauayan City', 'John-Kevin', '2014-09-09 06:06:34', 1, 'Insert 1', 'Central Luzon', '14.753028387097', '120.95928221941', 1, NULL, 'Lex', '0000-00-00 00:00:00', '0000-00-00 00:00:00'),
(57, 'D E P O T   K O   I T O', 'no-image.jpg', '', 'depot.png', 'Aceite, Santa Mesa', 'jane', '2014-09-04 07:06:37', 1, ' eOwsx PhfOqsz', 'NCR', '14.598484093737', '121.00368753076', 0, NULL, '', '0000-00-00 00:00:00', NULL),
(59, '<html><div>HTML AKO</div></html>', 'no-image.jpg', '', 'depot.png', 'Lacson Avenue, Santa Mesa', 'jane', '2014-09-04 07:32:28', 1, 'Pwede kayang html tag? ', 'NCR', '14.597117497725', '121.00077599287', 0, NULL, '', '0000-00-00 00:00:00', NULL),
(60, 'The Columns ', 'no-image.jpg', '', 'depot.png', 'Air France Kilometer, Makati City', 'Victoria', '2014-09-04 09:00:39', 1, '', 'PH', '14.561788106954', '121.01621747017', 0, NULL, '', '0000-00-00 00:00:00', NULL),
(61, '<h1>Sexist Depot</h1>', 'no-image.jpg', '', 'depot.png', 'Radial Road 3, Muntinlupa', 'EL John', '2014-09-05 07:01:40', 1, '', 'NCR', '14.41482374748', '121.04541867971', 1, NULL, 'EL John Chandragupta Haba PAngalan di ba Orakol ye', '0000-00-00 00:00:00', '0000-00-00 00:00:00'),
(62, 'asdqwe12', 'hospital_2.jpg', '', 'depot.png', 'Centennial Road, Muntinlupa', 'EL John Chandragupta Haba PAngalan di ba Orakol ye', '2014-09-05 07:46:21', 1, '', 'NCR', '14.414828943019', '121.04425728321', 0, NULL, '', '0000-00-00 00:00:00', NULL),
(64, 'kalayaan dept', 'images.jpg', '', 'depot.png', '130 Kalayaan B, Quezon City', 'Divibs', '2014-09-09 03:09:45', 1, 'twertwertwertwe', 'NCR', '14.691715694689', '121.08837425709', 0, NULL, '', '0000-00-00 00:00:00', NULL),
(65, 'r7', 'images.jpg', '', 'depot.png', 'R7, Quezon City', 'Divibs', '2014-09-09 03:12:47', 1, 'fadfasdfas', 'NCR', '14.687631893634', '121.0872477293', 0, NULL, '', '0000-00-00 00:00:00', NULL),
(66, 'Jake Depot Angat Lake', 'sparta.jpg', '', 'depot.png', 'Poblacion - Pinagtunalayan Road, Norzagaray', 'John-Kevin', '2014-09-09 07:18:49', 1, 'Click me human', 'Central Luzon', '14.952071999543', '121.1928409338', 1, NULL, 'John-Kevin', '0000-00-00 00:00:00', '0000-00-00 00:00:00'),
(67, 'sample depot using mozilla', 'no-image.jpg', '', 'depot.png', 'Courage Street, Quezon City', 'Divibs', '2014-09-09 07:33:06', 1, 'sampoeijrka', 'NCR', '14.683472772465', '121.08663886786', 0, NULL, '', '0000-00-00 00:00:00', NULL);

-- --------------------------------------------------------

--
-- Table structure for table `hazard_latlng_tb`
--

CREATE TABLE IF NOT EXISTS `hazard_latlng_tb` (
  `hazard_id` int(11) NOT NULL,
  `latitude` varchar(100) NOT NULL,
  `longitude` varchar(100) NOT NULL
) ENGINE=InnoDB DEFAULT CHARSET=latin1;

--
-- Dumping data for table `hazard_latlng_tb`
--

INSERT INTO `hazard_latlng_tb` (`hazard_id`, `latitude`, `longitude`) VALUES
(1, '9.0869950454645', '126.1662197113'),
(1, '9.086944060942', '126.16617277265'),
(1, '9.0868950628227', '126.1662029475'),
(1, '9.0869659114525', '126.16626530886'),
(3, '14.648719097231', '121.04510620236'),
(3, '14.648744398698', '121.04516118765'),
(3, '14.648782675271', '121.0451155901'),
(3, '14.648756725053', '121.04506932199'),
(4, '14.650067207236', '121.04714468122'),
(4, '14.64999714205', '121.04711517692'),
(4, '14.649992600787', '121.04718022048'),
(8, '7.0393302317341', '125.52311182022'),
(8, '7.0400755886784', '125.52414178848'),
(8, '7.0388404250902', '125.52450656891'),
(8, '7.0385848735925', '125.52422761917'),
(9, '7.0220376147744', '125.49826383591'),
(9, '7.0229533729401', '125.49929380417'),
(9, '7.0207811064504', '125.50036668777'),
(9, '7.02016349942', '125.49946546555'),
(10, '7.0385848735925', '125.03389835358'),
(10, '7.0359867587115', '125.032954216'),
(10, '7.0339423302216', '125.04102230072'),
(10, '7.036157127346', '125.04136562347'),
(11, '14.582939697831', '121.00116491318'),
(11, '14.583957248869', '121.00122928619'),
(11, '14.583105828934', '121.00204467773'),
(11, '14.582628201675', '121.00163698196'),
(12, '14.541236831042', '121.01556301117'),
(12, '14.542275344726', '121.01734399796'),
(12, '14.540364475774', '121.01843833923'),
(12, '14.539159789026', '121.01674318314'),
(13, '14.527569536154', '121.02320194244'),
(13, '14.52782918109', '121.02356672287'),
(13, '14.526354393803', '121.02441430092'),
(13, '14.526177834102', '121.02415680885'),
(14, '14.504132729115', '121.03600680828'),
(14, '14.504132729115', '121.03600680828'),
(14, '14.504330080194', '121.03636085987'),
(14, '14.504330080194', '121.03636085987'),
(14, '14.503665317963', '121.03670954704'),
(14, '14.503665317963', '121.03670954704'),
(14, '14.503577029079', '121.03645205498'),
(14, '14.503577029079', '121.03645205498'),
(15, '14.483659196476', '121.04470252991'),
(15, '14.483659196476', '121.04470252991'),
(15, '14.483659196476', '121.04470252991'),
(15, '14.483633226817', '121.04520142078'),
(15, '14.483633226817', '121.04520142078'),
(15, '14.483633226817', '121.04520142078'),
(15, '14.483056699602', '121.04519605637'),
(15, '14.483056699602', '121.04519605637'),
(15, '14.483056699602', '121.04519605637'),
(15, '14.483067087493', '121.04487419128'),
(15, '14.483067087493', '121.04487419128'),
(15, '14.483067087493', '121.04487419128'),
(18, '14.467354846469', '120.96272349358'),
(18, '14.467666505036', '120.96382856369'),
(18, '14.467001632898', '120.96423625946'),
(18, '14.466554920813', '120.96298098564'),
(0, '14.411595995244', '121.04603827'),
(0, '14.411632364545', '121.04621127248'),
(0, '14.411390768362', '121.04623541236'),
(17, '14.413848282912', '121.04588270187'),
(17, '14.413849581802', '121.04611605406'),
(17, '14.413804120627', '121.04612544179'),
(17, '14.413788533936', '121.04593634605'),
(17, '14.413728784945', '121.04594171047'),
(17, '14.413726187162', '121.04610532522'),
(17, '14.413670334829', '121.04610934854'),
(17, '14.413675530396', '121.04594439268'),
(17, '14.413624873617', '121.04594305158'),
(17, '14.413617080266', '121.04610130191'),
(17, '14.413579412396', '121.04610532522'),
(17, '14.413565124582', '121.04589477181'),
(21, '10.920291972532', '121.98521375656'),
(21, '10.919101565446', '121.9855517149'),
(21, '10.920028608543', '121.98616862297'),
(22, '10.919954866585', '121.98644757271'),
(22, '10.919069961653', '121.98657631874'),
(22, '10.919860055468', '121.98713421822'),
(23, '14.414751010047', '121.04680538177'),
(23, '14.414735423422', '121.04620993137'),
(23, '14.414382126307', '121.04655325413'),
(24, '14.414995200356', '121.0463064909'),
(24, '14.414995200356', '121.0463064909'),
(24, '14.415405647294', '121.04670882225'),
(24, '14.415405647294', '121.04670882225'),
(24, '14.414496428376', '121.047052145'),
(24, '14.414496428376', '121.047052145'),
(25, '14.415041960172', '121.04419827461'),
(25, '14.415218608277', '121.04468643665'),
(25, '14.414938049456', '121.04467570782'),
(29, '10.920176092406', '121.98377072811'),
(29, '10.919501879865', '121.9838565588'),
(29, '10.920039143107', '121.98414623737'),
(30, '10.92243047947', '121.9878745079'),
(30, '10.921661461507', '121.98809981346'),
(30, '10.922282996727', '121.98837339878'),
(31, '10.925148362612', '121.98895812035'),
(31, '10.924547902199', '121.98918879032'),
(31, '10.92482706377', '121.98948919773'),
(32, '14.413685921528', '121.044074893'),
(32, '14.414049610863', '121.04434847832'),
(32, '14.413758659443', '121.04515314102'),
(32, '14.413145581993', '121.04494392872'),
(33, '14.413005301322', '121.0438978672'),
(33, '14.413317036025', '121.04394078255'),
(33, '14.412818260291', '121.04474544525'),
(33, '14.412657197055', '121.04456841946'),
(34, '14.412153224242', '121.04338288307'),
(34, '14.412153224242', '121.04338288307'),
(34, '14.412475351326', '121.04338288307'),
(34, '14.412475351326', '121.04338288307'),
(34, '14.412184397851', '121.04439675808'),
(34, '14.412184397851', '121.04439675808'),
(34, '14.411784336203', '121.04417681694'),
(34, '14.411784336203', '121.04417681694'),
(35, '14.41128555704', '121.04293763638'),
(35, '14.411789531814', '121.04286253452'),
(35, '14.411654445904', '121.04406952858'),
(35, '14.411067340805', '121.04384422302'),
(36, '14.406739341361', '121.04060411453'),
(36, '14.406739341361', '121.04060411453'),
(36, '14.407290087851', '121.04053974152'),
(36, '14.407290087851', '121.04053974152'),
(36, '14.407186173523', '121.04182720184'),
(36, '14.407186173523', '121.04182720184'),
(36, '14.406469163341', '121.04145169258'),
(36, '14.406469163341', '121.04145169258'),
(37, '14.405326098863', '121.04015350342'),
(37, '14.405965176543', '121.04008376598'),
(37, '14.405715780593', '121.04089915752'),
(37, '14.405300120057', '121.04087233543'),
(38, '14.404557124919', '121.03983700275'),
(38, '14.404557124919', '121.03983700275'),
(38, '14.404941612223', '121.0398799181'),
(38, '14.404941612223', '121.0398799181'),
(38, '14.404775347524', '121.04055583477'),
(38, '14.404775347524', '121.04055583477'),
(38, '14.404458405099', '121.04049146175'),
(38, '14.404458405099', '121.04049146175'),
(39, '14.404557124919', '121.03983700275'),
(39, '14.404557124919', '121.03983700275'),
(39, '14.404941612223', '121.0398799181'),
(39, '14.404941612223', '121.0398799181'),
(39, '14.404775347524', '121.04055583477'),
(39, '14.404775347524', '121.04055583477'),
(39, '14.404458405099', '121.04049146175'),
(39, '14.404458405099', '121.04049146175'),
(40, '14.402993190004', '121.03938639164'),
(40, '14.40335170097', '121.03935956955'),
(40, '14.40331013451', '121.03995501995'),
(40, '14.402748986552', '121.03992283344'),
(41, '14.40135650219', '121.03908598423'),
(41, '14.40135650219', '121.03908598423'),
(41, '14.401896870288', '121.03902161121'),
(41, '14.401896870288', '121.03902161121'),
(41, '14.40191765365', '121.03958487511'),
(41, '14.40191765365', '121.03958487511'),
(41, '14.401512377737', '121.03968143463'),
(41, '14.401512377737', '121.03968143463'),
(42, '14.420866078313', '121.04492247105'),
(42, '14.420559549574', '121.04496538639'),
(42, '14.420466032247', '121.04623675346'),
(42, '14.42100115864', '121.04600608349'),
(43, '14.420866078313', '121.04492247105'),
(43, '14.420559549574', '121.04496538639'),
(43, '14.420466032247', '121.04623675346'),
(43, '14.42100115864', '121.04600608349'),
(44, '14.416611006085', '121.04588270187'),
(44, '14.416611006085', '121.04588270187'),
(44, '14.415982349943', '121.04621529579'),
(44, '14.415982349943', '121.04621529579'),
(44, '14.416605810587', '121.04490101337'),
(44, '14.416605810587', '121.04490101337'),
(45, '14.427178398405', '121.04594707489'),
(45, '14.427178398405', '121.04594707489'),
(45, '14.42660692', '121.04595780373'),
(45, '14.42660692', '121.04595780373'),
(45, '14.426845902057', '121.04471325874'),
(45, '14.426845902057', '121.04471325874'),
(48, '14.414543188296', '121.04627430439'),
(48, '14.414615925931', '121.046692729'),
(48, '14.414309388596', '121.04662835598'),
(49, '14.083301314707', '121.3597869873'),
(49, '14.055993396826', '121.32820129395'),
(49, '14.045335764009', '121.35223388672'),
(20, '14.414782183293', '121.04663908482'),
(20, '14.414526302771', '121.04669004679'),
(20, '14.414582154889', '121.04695826769'),
(20, '14.414734124537', '121.04688584805'),
(20, '14.414789976603', '121.04682147503'),
(20, '14.414836736462', '121.04672893882'),
(20, '14.414778286637', '121.0464848578'),
(20, '14.414593844866', '121.04655459523'),
(20, '14.414543188296', '121.04656934738'),
(20, '14.414489933942', '121.04664444923'),
(20, '14.414483439507', '121.04683890939'),
(20, '14.414583453776', '121.04698106647'),
(20, '14.414709445712', '121.0469904542'),
(20, '14.414812057649', '121.04693681002'),
(20, '14.414870507466', '121.04672089219'),
(20, '14.414880898542', '121.04658409953'),
(20, '14.414822448729', '121.04647144675'),
(20, '14.414674375799', '121.04644462466'),
(20, '14.414562671594', '121.04652509093'),
(20, '14.414441875123', '121.04680269957'),
(20, '14.414447070671', '121.04695558548'),
(20, '14.414593844866', '121.04703336954'),
(20, '14.414739320078', '121.04703873396'),
(20, '14.414904278464', '121.0467544198'),
(20, '14.414932853919', '121.04660823941'),
(20, '14.414895186272', '121.0464861989'),
(20, '14.414788677718', '121.04642450809'),
(20, '14.414644501424', '121.04641646147'),
(20, '14.414522406111', '121.04647144675'),
(20, '14.414460059542', '121.04655727744'),
(20, '14.414432782913', '121.04671686888'),
(20, '14.414406805167', '121.04680135846'),
(20, '14.414430185138', '121.04703068733'),
(20, '14.414661386941', '121.04710310698'),
(20, '14.414887392965', '121.04685902596'),
(20, '14.414934152804', '121.04674771428'),
(20, '14.414943244993', '121.04658275843'),
(20, '14.414893887388', '121.04644864798'),
(20, '14.414784781063', '121.04637756944'),
(20, '14.414712043483', '121.0463950038'),
(20, '14.414597741525', '121.04640841484'),
(20, '14.414500325036', '121.04644730687'),
(20, '14.4144340818', '121.04659080505'),
(20, '14.414402908505', '121.04669004679'),
(20, '14.414382126307', '121.04685366154'),
(20, '14.414450967333', '121.04708433151'),
(20, '14.414540590523', '121.04712188244'),
(20, '14.41497052156', '121.04674100876'),
(50, '7.0997960730768', '125.62426328659'),
(50, '7.0993702100237', '125.62444031239'),
(50, '7.0994074730566', '125.62456905842'),
(50, '7.0992690674907', '125.62464952469'),
(50, '7.0993489168607', '125.62491238117'),
(50, '7.0999717414713', '125.6246817112'),
(51, '14.409545016843', '121.04197204113'),
(51, '14.410080169455', '121.04181110859'),
(51, '14.409913908587', '121.04251921177'),
(54, '14.595902738704', '121.0013204813'),
(54, '14.595413458776', '121.00133523345'),
(54, '14.595422543559', '121.00144654512'),
(54, '14.595426437037', '121.00157395005'),
(54, '14.595907929997', '121.00155115128'),
(54, '14.596307659202', '121.00151896477'),
(54, '14.596281702782', '121.00128293037'),
(55, '14.596318041769', '121.00127756596'),
(55, '14.596312850485', '121.00148677826'),
(55, '14.595378417466', '121.00155115128'),
(55, '14.595383608771', '121.00139021873'),
(56, '15.980947655157', '120.57435035706'),
(56, '15.980370059014', '120.57411432266'),
(56, '15.979627432952', '120.57471513748'),
(56, '15.980060631823', '120.57557344437'),
(56, '15.981092053932', '120.57568073273'),
(56, '15.981587134656', '120.57505846024'),
(58, '14.869805391379', '120.89836120605'),
(58, '14.819362046187', '120.89767456055'),
(58, '14.835292795005', '121.00891113281'),
(59, '14.841266523421', '120.91209411621'),
(59, '14.762931226093', '120.92170715332'),
(59, '14.786169223248', '121.02333068848'),
(60, '14.913601891414', '120.94848632812'),
(60, '14.869805391379', '120.96633911133'),
(60, '14.882414387082', '121.03569030762'),
(61, '14.981269848796', '121.0343170166'),
(61, '14.911611334625', '121.00616455078'),
(61, '14.939477452806', '121.15859985352'),
(63, '14.7549633408', '120.9725189209'),
(63, '14.72508117291', '120.96221923828'),
(63, '14.727737531604', '121.01989746094'),
(64, '14.594547807006', '121.07431411743'),
(64, '14.588068937828', '121.0604095459'),
(64, '14.59670738768', '121.05886459351'),
(66, '14.854540884509', '120.90866088867'),
(66, '14.812723888212', '120.89836120605'),
(66, '14.826663784947', '120.96290588379'),
(67, '14.854540884509', '120.90866088867'),
(67, '14.812723888212', '120.89836120605'),
(67, '14.826663784947', '120.96290588379'),
(68, '14.854540884509', '120.90866088867'),
(68, '14.812723888212', '120.89836120605'),
(68, '14.826663784947', '120.96290588379'),
(57, '14.66264743743', '120.98736763'),
(57, '14.664806348191', '120.97294807434'),
(57, '14.650482407877', '120.97118854523'),
(57, '14.646122761918', '120.9792137146'),
(57, '14.652309281354', '120.98981380463'),
(72, '14.733714220295', '121.02813720703'),
(72, '14.703164979173', '121.01509094238'),
(72, '14.703829138595', '121.08306884766'),
(73, '14.413166364307', '121.04534626007'),
(73, '14.413493685497', '121.04604363441'),
(73, '14.412870216148', '121.04595780373'),
(74, '14.838611553385', '120.92582702637'),
(74, '14.804757830175', '121.0075378418'),
(74, '14.789488734152', '120.93612670898'),
(75, '14.838611553385', '120.92582702637'),
(75, '14.804757830175', '121.0075378418'),
(75, '14.789488734152', '120.93612670898'),
(77, '10.384366412109', '122.87570714951'),
(77, '10.387089101377', '122.87710189819'),
(77, '10.385674994407', '122.87731647491'),
(78, '14.83927529895', '120.94144821167'),
(78, '14.83927529895', '120.94144821167'),
(78, '14.83927529895', '120.94144821167'),
(78, '14.833965277395', '120.95157623291'),
(78, '14.833965277395', '120.95157623291'),
(78, '14.833965277395', '120.95157623291'),
(78, '14.829982675692', '120.93913078308'),
(88, '14.871132688792', '120.80635070801'),
(88, '14.833965277395', '120.80841064453'),
(88, '14.854540884509', '120.86059570312'),
(89, '14.882414387082', '120.87089538574'),
(89, '14.882414387082', '120.87089538574'),
(89, '14.836620304467', '120.85647583008'),
(89, '14.836620304467', '120.85647583008'),
(89, '14.849231237914', '120.93612670898'),
(89, '14.849231237914', '120.93612670898'),
(90, '10.920107617764', '121.98247790337'),
(90, '10.919586156517', '121.9824886322'),
(90, '10.919781046181', '121.98296070099'),
(87, '14.770577216474', '120.95552444458'),
(87, '14.769560533122', '120.95606088638'),
(87, '14.770763953715', '120.9569299221'),
(93, '14.70241779741', '121.08607292175'),
(93, '14.70241779741', '121.08607292175'),
(93, '14.700300768529', '121.0853433609'),
(93, '14.700300768529', '121.0853433609'),
(93, '14.700549831816', '121.08877658844'),
(93, '14.700549831816', '121.08877658844'),
(94, '14.7719518063', '120.96254646778'),
(94, '14.771982928988', '120.96269667149'),
(94, '14.77173913448', '120.96267521381'),
(96, '15.984763873476', '120.46800613403'),
(96, '15.972716752724', '120.46886444092'),
(96, '15.972881786675', '120.47967910767'),
(96, '15.98311362584', '120.4801940918'),
(97, '14.702189491361', '121.08465671539'),
(97, '14.702189491361', '121.08465671539'),
(97, '14.702189491361', '121.08465671539'),
(97, '14.702189491361', '121.08465671539'),
(97, '14.702189491361', '121.08465671539'),
(97, '14.702189491361', '121.08465671539'),
(97, '14.702189491361', '121.08465671539'),
(97, '14.702189491361', '121.08465671539'),
(97, '14.702189491361', '121.08465671539'),
(97, '14.702189491361', '121.08465671539'),
(97, '14.702189491361', '121.08465671539'),
(97, '14.702189491361', '121.08465671539'),
(97, '14.702189491361', '121.08465671539'),
(97, '14.702189491361', '121.08465671539'),
(97, '14.702189491361', '121.08465671539'),
(97, '14.702189491361', '121.08465671539'),
(97, '14.702189491361', '121.08465671539'),
(97, '14.702189491361', '121.08465671539'),
(97, '14.702189491361', '121.08465671539'),
(97, '14.702189491361', '121.08465671539'),
(97, '14.702189491361', '121.08465671539'),
(97, '14.70291591887', '121.08630895615'),
(97, '14.70291591887', '121.08630895615'),
(97, '14.70291591887', '121.08630895615'),
(97, '14.70291591887', '121.08630895615'),
(97, '14.70291591887', '121.08630895615'),
(97, '14.70291591887', '121.08630895615'),
(97, '14.70291591887', '121.08630895615'),
(97, '14.70291591887', '121.08630895615'),
(97, '14.70291591887', '121.08630895615'),
(97, '14.70291591887', '121.08630895615'),
(97, '14.70291591887', '121.08630895615'),
(97, '14.70291591887', '121.08630895615'),
(97, '14.70291591887', '121.08630895615'),
(97, '14.70291591887', '121.08630895615'),
(97, '14.70291591887', '121.08630895615'),
(97, '14.70291591887', '121.08630895615'),
(97, '14.70291591887', '121.08630895615'),
(97, '14.70291591887', '121.08630895615'),
(97, '14.70291591887', '121.08630895615'),
(97, '14.70291591887', '121.08630895615'),
(97, '14.70291591887', '121.08630895615'),
(97, '14.703040449057', '121.08637332916'),
(97, '14.703040449057', '121.08637332916'),
(97, '14.703040449057', '121.08637332916'),
(97, '14.703040449057', '121.08637332916'),
(97, '14.703040449057', '121.08637332916'),
(97, '14.703040449057', '121.08637332916'),
(97, '14.703040449057', '121.08637332916'),
(97, '14.703040449057', '121.08637332916'),
(97, '14.703040449057', '121.08637332916'),
(97, '14.703040449057', '121.08637332916'),
(97, '14.703040449057', '121.08637332916'),
(97, '14.703040449057', '121.08637332916'),
(97, '14.703040449057', '121.08637332916'),
(97, '14.703040449057', '121.08637332916'),
(97, '14.703040449057', '121.08637332916'),
(97, '14.703040449057', '121.08637332916'),
(97, '14.703040449057', '121.08637332916'),
(97, '14.703040449057', '121.08637332916'),
(97, '14.703040449057', '121.08637332916'),
(97, '14.703040449057', '121.08637332916'),
(97, '14.703040449057', '121.08637332916'),
(97, '14.704093764051', '121.08569741249'),
(97, '14.704441408771', '121.08435630798'),
(98, '14.829982675692', '120.84823608398'),
(98, '14.860514080934', '120.85235595703'),
(98, '14.846576365691', '120.9024810791'),
(99, '14.837118118415', '120.88703155518'),
(99, '14.837118118415', '120.88703155518'),
(99, '14.840934653949', '120.90127944946'),
(99, '14.840934653949', '120.90127944946'),
(99, '14.845497814536', '120.88771820068'),
(100, '14.41410676199', '121.04612410069'),
(100, '14.414267824179', '121.04642450809'),
(100, '14.413763855007', '121.04642450809'),
(101, '14.411150470824', '121.04643523693'),
(101, '14.411857074738', '121.04625284672'),
(101, '14.411342708875', '121.04582905769'),
(102, '14.705144479611', '121.08167141676'),
(102, '14.705144479611', '121.08167141676'),
(102, '14.705144479611', '121.08167141676'),
(102, '14.705144479611', '121.08167141676'),
(102, '14.704890232853', '121.08161777258'),
(102, '14.704890232853', '121.08161777258'),
(102, '14.704890232853', '121.08161777258'),
(102, '14.704890232853', '121.08161777258'),
(102, '14.704812402153', '121.08191549778'),
(102, '14.704812402153', '121.08191549778'),
(102, '14.704812402153', '121.08191549778'),
(102, '14.704812402153', '121.08191549778'),
(102, '14.705053677231', '121.08199864626'),
(102, '14.705053677231', '121.08199864626'),
(102, '14.705053677231', '121.08199864626'),
(102, '14.705053677231', '121.08199864626'),
(102, '14.705283277461', '121.08187258244'),
(103, '14.414901680695', '121.04283034801'),
(103, '14.415156261903', '121.04311466217'),
(103, '14.41470425017', '121.04331314564'),
(105, '14.414210673093', '121.04403734207'),
(105, '14.414371735206', '121.04463815689'),
(105, '14.414013241956', '121.04449868202'),
(106, '14.41407558865', '121.04710578918'),
(106, '14.414247041967', '121.04756176472'),
(106, '14.413805419518', '121.04756712914'),
(107, '14.413535250059', '121.04692876339'),
(107, '14.413618379158', '121.04741692543'),
(107, '14.413052061555', '121.04718625546'),
(108, '14.412714348539', '121.04611337185'),
(108, '14.412823455877', '121.0467249155'),
(108, '14.412189593452', '121.0464566946'),
(109, '14.412574067597', '121.04462742805'),
(109, '14.412719544128', '121.04535162449'),
(109, '14.412111659423', '121.04517459869'),
(110, '10.919091030848', '121.9857019186'),
(110, '10.918079707769', '121.98558390141'),
(110, '10.918548498583', '121.9874560833'),
(111, '14.413171559885', '121.04266405106'),
(111, '14.413259884696', '121.04327559471'),
(111, '14.41270915295', '121.04319512844'),
(114, '14.695744935803', '121.08733355999'),
(114, '14.695210475395', '121.08725845814'),
(114, '14.695620401456', '121.08781635761'),
(115, '14.695023673391', '121.08804166317'),
(115, '14.69468639159', '121.08798265457'),
(115, '14.694909516532', '121.08843326569'),
(116, '14.694707147408', '121.08739256859'),
(116, '14.694707147408', '121.08739256859'),
(116, '14.694234952056', '121.08722090721'),
(116, '14.694234952056', '121.08722090721'),
(116, '14.69440099889', '121.08778953552'),
(116, '14.69440099889', '121.08778953552'),
(117, '14.694707147408', '121.08739256859'),
(117, '14.694707147408', '121.08739256859'),
(117, '14.694234952056', '121.08722090721'),
(117, '14.694234952056', '121.08722090721'),
(117, '14.69440099889', '121.08778953552'),
(117, '14.69440099889', '121.08778953552'),
(118, '14.692891005854', '121.08725845814'),
(118, '14.69240842856', '121.08718335629'),
(118, '14.692792414881', '121.08776807785'),
(119, '14.693160833554', '121.08579397202'),
(119, '14.692948084819', '121.08576714993'),
(119, '14.69285208837', '121.08602195978'),
(119, '14.693046675722', '121.0862660408'),
(120, '14.691297977836', '121.08983337879'),
(120, '14.690794640836', '121.09010696411'),
(120, '14.6911526848', '121.09028935432'),
(121, '10.919591423807', '121.98377072811'),
(121, '10.918553765891', '121.98377609253'),
(121, '10.919043625156', '121.98423743248'),
(122, '10.680023481383', '122.96286284924'),
(122, '10.680334499296', '122.96335637569'),
(122, '10.679617576171', '122.96368896961'),
(123, '10.67158897595', '122.95481085777'),
(123, '10.67189473086', '122.95453727245'),
(123, '10.672253201742', '122.95521855354'),
(124, '10.67158897595', '122.95481085777'),
(124, '10.67189473086', '122.95453727245'),
(124, '10.672253201742', '122.95521855354'),
(125, '10.67158897595', '122.95481085777'),
(125, '10.67189473086', '122.95453727245'),
(125, '10.672253201742', '122.95521855354'),
(126, '10.67158897595', '122.95481085777'),
(126, '10.67189473086', '122.95453727245'),
(126, '10.672253201742', '122.95521855354'),
(127, '10.67158897595', '122.95481085777'),
(127, '10.67189473086', '122.95453727245'),
(127, '10.672253201742', '122.95521855354'),
(128, '10.67158897595', '122.95481085777'),
(128, '10.67189473086', '122.95453727245'),
(128, '10.672253201742', '122.95521855354'),
(129, '10.67158897595', '122.95481085777'),
(129, '10.67189473086', '122.95453727245'),
(129, '10.672253201742', '122.95521855354'),
(130, '10.67158897595', '122.95481085777'),
(130, '10.67189473086', '122.95453727245'),
(130, '10.672253201742', '122.95521855354'),
(135, '10.67158897595', '122.95481085777'),
(135, '10.67189473086', '122.95453727245'),
(135, '10.672253201742', '122.95521855354'),
(136, '10.67158897595', '122.95481085777'),
(136, '10.67189473086', '122.95453727245'),
(136, '10.672253201742', '122.95521855354'),
(142, '14.598545091078', '121.00478053093'),
(142, '14.598565856001', '121.0048314929'),
(142, '14.598493178764', '121.0048609972'),
(142, '14.598472413834', '121.00480467081'),
(143, '14.414886094081', '121.04519605637'),
(143, '14.415015982498', '121.04572713375'),
(143, '14.414647099196', '121.04551792145'),
(146, '10.916678598231', '121.98470413685'),
(146, '10.915872693886', '121.98423743248'),
(146, '10.916246675912', '121.98531031609'),
(147, '14.412511720483', '121.04778707027'),
(147, '14.412859824978', '121.04826450348'),
(147, '14.412314287842', '121.0483288765'),
(148, '14.593114996594', '121.00476980209'),
(148, '14.593322650855', '121.00605726242'),
(148, '14.591557583391', '121.00579977036'),
(148, '14.591837918581', '121.00485563278'),
(149, '14.414273019731', '121.04739546776'),
(149, '14.414517210564', '121.04779243469'),
(149, '14.414060001978', '121.04779243469'),
(151, '14.69101258071', '121.08881413937'),
(151, '14.690633780313', '121.08879804611'),
(151, '14.690758317503', '121.08922719955'),
(150, '14.691422514647', '121.08785122633'),
(150, '14.691305761389', '121.08753606677'),
(150, '14.691061876604', '121.08785122633'),
(152, '10.917932222866', '121.98551952839'),
(152, '10.91694196519', '121.98564291'),
(152, '10.917600381566', '121.98624372482'),
(153, '14.691432892711', '121.08322441578'),
(153, '14.69122533133', '121.08328342438'),
(153, '14.691308355906', '121.08348727226');

-- --------------------------------------------------------

--
-- Table structure for table `hazard_tb`
--

CREATE TABLE IF NOT EXISTS `hazard_tb` (
  `hazard_id` int(11) NOT NULL AUTO_INCREMENT,
  `location` text NOT NULL,
  `title` text NOT NULL,
  `information` text,
  `created_date` datetime NOT NULL,
  `hazard_image` text,
  `status` int(11) NOT NULL DEFAULT '1',
  `start_date` datetime NOT NULL,
  `end_date` datetime DEFAULT NULL,
  `active` tinyint(1) NOT NULL DEFAULT '1',
  `hazard_category` varchar(100) NOT NULL,
  `hazard_icon` text NOT NULL,
  `closed_hazard` tinyint(1) NOT NULL DEFAULT '0',
  `hazard_control` text,
  `last_update_by` varchar(200) DEFAULT '',
  `site_photo` text,
  `center_latitude` varchar(200) NOT NULL,
  `center_longitude` varchar(200) NOT NULL,
  `speed_limit` int(11) NOT NULL,
  PRIMARY KEY (`hazard_id`)
) ENGINE=InnoDB  DEFAULT CHARSET=latin1 AUTO_INCREMENT=154 ;

--
-- Dumping data for table `hazard_tb`
--

INSERT INTO `hazard_tb` (`hazard_id`, `location`, `title`, `information`, `created_date`, `hazard_image`, `status`, `start_date`, `end_date`, `active`, `hazard_category`, `hazard_icon`, `closed_hazard`, `hazard_control`, `last_update_by`, `site_photo`, `center_latitude`, `center_longitude`, `speed_limit`) VALUES
(1, 'Surigao-Davao Coastal Road, Tandag City', 'Accident prone area', '', '2014-07-04 15:13:48', 'accident_prone_area_by_missheru25-d463032.jpg', 1, '0000-00-00 00:00:00', '0000-00-00 00:00:00', 1, 'road', 'accident-prone-area.png', 0, 'Slow down', '', '', '9.0869450541436', '126.16621904075', 0),
(3, 'Quezon Avenue, Quezon City', 'National Kidney', 'Hospital ', '2014-07-07 09:06:02', 'hospital.jpg', 1, '0000-00-00 00:00:00', '0000-00-00 00:00:00', 1, 'places', 'hospital.png', 0, 'No Blowing of horns', '', '', '14.648750886251', '121.04511525482', 0),
(4, 'Elliptical Road, Quezon City', 'Road merging', 'Quezon ave to Quezon Circle', '2014-07-10 14:41:58', '39453480.jpg', 1, '0000-00-00 00:00:00', '0000-00-00 00:00:00', 1, 'road', 'merging-traffic.png', 0, 'Slow down', 'Dan', '', '14.650029904012', '121.0471476987', 0),
(8, 'McArthur Highway, Davao City', 'No Overtaking', '', '2014-07-18 16:56:53', 'no_overtaking.jpg', 1, '0000-00-00 00:00:00', '0000-00-00 00:00:00', 1, 'vehicle', 'no-overtaking.png', 0, 'Drivers should stay on their lane', '', '', '7.0393302311355', '125.52380919456', 0),
(9, 'Pan - Philippine Highway, Davao City', 'School Zone', 'Volume of students crossing are expected to increase from 7 AM', '2014-07-18 16:58:48', 'school_1.jpg', 1, '0000-00-00 00:00:00', '0000-00-00 00:00:00', 1, 'places', 'school-zone.png', 0, 'Drivers should slow down and be alert for students, pedestrians, and other vehicles in the area', '', '', '7.0215584361801', '125.49931526184', 0),
(10, 'Davao-Cotabato Road, Kidapawan City', 'Accident Prone Area', 'Speeding vehicles due to straight path.', '2014-07-18 17:06:51', 'accident_prone_area.jpg', 1, '0000-00-00 00:00:00', '0000-00-00 00:00:00', 1, 'road', 'accident-prone-area.png', 0, 'Driver should be alert with counter flowing vehicles in the area', '', '', '7.036263601907', '125.03715991974', 0),
(11, 'Quirino Avenue, Manila', 'Unevent Road Pavement', 'Road has cracks', '2014-08-04 16:27:37', 'accident_prone_area_by_missheru25-d463032.jpg', 1, '0000-00-00 00:00:00', '0000-00-00 00:00:00', 1, 'road', 'uneven-road.png', 0, 'Driver should slow down to avoid accident', '', '', '14.583292725272', '121.00160479546', 0),
(12, 'Osmeña Highway, Makati', 'Intersection at Magallanes', 'Volume of vehicles are expected to increase during rush hour', '2014-08-04 16:32:32', 'intersection.jpg', 1, '0000-00-00 00:00:00', '0000-00-00 00:00:00', 1, 'road', 'intersection-ahead.png', 0, 'Drivers should check for other vehicles', '', '', '14.540717566876', '121.0170006752', 0),
(13, 'Radial Road 3, Pasay', 'School Zone', '', '2014-08-04 16:53:30', 'school_2.jpg', 1, '0000-00-00 00:00:00', '0000-00-00 00:00:00', 1, 'places', 'school-zone.png', 0, 'Drivers should look out for crossing pedestrian', '', '', '14.527003507596', '121.02380812168', 0),
(14, 'West Service Road, Parañaque', 'Checkpoint', '', '2014-08-04 16:54:53', 'checkpoint.jpg', 1, '0000-00-00 00:00:00', '0000-00-00 00:00:00', 1, 'misc', 'checkpoint.png', 0, 'Drivers should submit to authorities for inspection', '', '', '14.503953554637', '121.03635817766', 0),
(15, 'West Service Road, Parañaque', 'Heavy Traffic', '', '2014-08-04 16:56:01', 'merging_traffic.jpg', 1, '0000-00-00 00:00:00', '0000-00-00 00:00:00', 1, 'road', 'heavy-traffic.png', 0, 'Drivers should check side mirrors regularly', '', '', '14.483357948039', '121.04495197535', 0),
(17, 'Pan - Philippine Highway, Muntinlupa', 'Hazard EJ', 'EJ Hazard', '2014-08-05 11:50:16', 'russian_japanese.jpg', 0, '2014-08-08 15:33:00', '2014-08-31 15:33:00', 0, 'places', 'hospital.png', 0, 'EJ Hazard', 'Victoria', '', '14.413688519189', '121.04602083564', 10),
(18, '442 Longos Coastal Rd. Emilio Aguinaldo Highway, Bacoor City', 'edited', 'edited', '2014-08-05 12:29:01', 'aybz0bn_460sa_v1.gif', 1, '0000-00-00 00:00:00', '0000-00-00 00:00:00', 1, 'road', 'other.png', 0, 'edited', 'EL John', '', '14.467110712924', '120.96347987652', 0),
(20, 'Pan - Philippine Highway, Muntinlupa', 'added ej edit speed limit 50', 'added ej edited speed lmit 50', '2014-08-11 10:57:52', 'agypwd6_460sa_v1.gif', 1, '0000-00-00 00:00:00', '0000-00-00 00:00:00', 0, 'vehicle', 'no-overtaking.png', 0, 'added ej edited speed limit 50', 'Analyn', '', '14.414641903475', '121.04675978422', 50),
(21, 'Barrientos Street, Patnongon', 'sdfdsf', 'sfsdf', '2014-08-11 11:29:55', 'no-image.jpg', 1, '0000-00-00 00:00:00', NULL, 0, 'places', 'hospital.png', 0, 'sdfsdfsdf', '', '', '10.919696768989', '121.98569118977', 10),
(22, 'Barrientos Street, Patnongon', 'sdf sdff', 'sdfsdf sdfdsfs', '2014-08-11 11:43:34', 'no-image.jpg', 1, '0000-00-00 00:00:00', NULL, 0, 'vehicle', 'other.png', 0, 'sdf sdf', '', '', '10.919512414119', '121.98679089546', 30),
(23, 'Pan - Philippine Highway, Muntinlupa', 'No truck allowed', 'info here', '2014-08-11 11:49:51', 'abqkkm1_460s.jpg', 1, '0000-00-00 00:00:00', NULL, 0, 'vehicle', 'no-trucks.png', 0, 'left right', '', '', '14.414566568177', '121.04650765657', 40),
(24, 'Pan - Philippine Highway, Muntinlupa', 'yeah', '', '2014-08-11 11:57:48', 'ad0wyaw_460s_v1.jpg', 1, '0000-00-00 00:00:00', NULL, 1, 'vehicle', 'no-parking.png', 0, '', '', '', '14.414951037835', '121.04667931795', 10),
(25, 'Centennial Road, Muntinlupa', 'Added again', 'loww', '2014-08-11 13:17:33', 'ag9p5wg_700b.jpg', 1, '0000-00-00 00:00:00', NULL, 1, 'road', 'construction-ongoing.png', 0, 'yoow', '', '', '14.415078328867', '121.04444235563', 30),
(29, 'Unnamed Road, Patnongon', 'qqqqqqqqqqqqqqq', 'asdasdasdsad', '2014-08-11 17:00:50', 'no-image.jpg', 1, '0000-00-00 00:00:00', NULL, 1, 'vehicle', 'no-parking.png', 0, 'qqsadasd', '', NULL, '10.919838986135', '121.98395848274', 0),
(30, 'Iloilo-Antique Road, Patnongon', 'zzzzzzzzzzzzzzzzzz', 'zzzz', '2014-08-11 17:01:21', 'no-image.jpg', 1, '0000-00-00 00:00:00', NULL, 1, 'places', 'police-station.png', 0, 'zzzzzzzzzzzzzzzzzzzzzzzzzz', '', NULL, '10.922045970489', '121.98812395334', 0),
(31, 'Iloilo-Antique Road, Patnongon', 'xcxcxcxcxcxx', 'dsfsdf sdfsdfsd fsdfsf', '2014-08-11 17:15:05', 'no-image.jpg', 1, '0000-00-00 00:00:00', NULL, 1, 'misc', 'bridge.png', 0, 'dfsdfsdsd', '', NULL, '10.924848132405', '121.98922365904', 20),
(32, 'Radial Road 3, Muntinlupa', 'Hazard 1', '', '2014-08-11 17:46:20', 'no-image.jpg', 1, '0000-00-00 00:00:00', NULL, 1, 'road', 'winding-road.png', 0, '', '', NULL, '14.413597596428', '121.04461401701', 50),
(33, 'Radial Road 3, Muntinlupa', 'Hazard 2', '', '2014-08-11 17:48:13', 'no-image.jpg', 1, '0000-00-00 00:00:00', NULL, 1, 'vehicle', 'no-parking.png', 0, '', '', NULL, '14.41298711654', '121.04432165623', 10),
(34, 'Radial Road 3, Muntinlupa', 'Hazard 3', '', '2014-08-11 17:48:38', 'no-image.jpg', 1, '0000-00-00 00:00:00', NULL, 1, 'road', 'no-uturn.png', 0, '', '', NULL, '14.412129843765', '121.04388982058', 10),
(35, 'Radial Road 3, Muntinlupa', 'Hazard 4', '', '2014-08-11 17:51:09', 'no-image.jpg', 1, '0000-00-00 00:00:00', NULL, 1, 'road', 'loose-chippings.png', 0, '', '', NULL, '14.411428436309', '121.04346603155', 10),
(36, 'Radial Road 3, Muntinlupa', 'Hazardd 5', '', '2014-08-11 17:51:35', 'no-image.jpg', 1, '0000-00-00 00:00:00', NULL, 1, 'road', 'uturn.png', 0, '', '', NULL, '14.406879625596', '121.04118347168', 10),
(37, 'Radial Road 3, Muntinlupa', 'Hazard 6', '', '2014-08-11 17:53:31', 'no-image.jpg', 1, '0000-00-00 00:00:00', NULL, 1, 'road', 'construction-ongoing.png', 0, '', '', NULL, '14.4056326483', '121.04049146175', 80),
(38, 'Radial Road 3, Muntinlupa', 'Hazard 7', '', '2014-08-11 17:53:56', 'no-image.jpg', 1, '0000-00-00 00:00:00', NULL, 1, 'road', 'other.png', 0, '', '', NULL, '14.404700008661', '121.04019641876', 20),
(39, 'Radial Road 3, Muntinlupa', 'Hazard 7', '', '2014-08-11 17:54:07', 'no-image.jpg', 1, '0000-00-00 00:00:00', NULL, 1, 'road', 'detour.png', 0, '', '', NULL, '14.404700008661', '121.04019641876', 20),
(40, 'Radial Road 3, Muntinlupa', 'Hazard 8', 'Info', '2014-08-11 17:58:57', 'no-image.jpg', 1, '0000-00-00 00:00:00', NULL, 1, 'road', 'road-narrows.png', 0, 'Control', '', NULL, '14.403050343761', '121.03965729475', 80),
(41, 'Radial Road 3, Muntinlupa', 'Hazard 9', '', '2014-08-11 17:59:33', 'no-image.jpg', 1, '0000-00-00 00:00:00', NULL, 1, 'road', 'other.png', 0, '', '', NULL, '14.40163707792', '121.03935152292', 10),
(42, 'Radial Road 3, Muntinlupa', 'Title', '', '2014-08-11 18:03:33', 'no-image.jpg', 1, '0000-00-00 00:00:00', NULL, 1, 'road', 'other.png', 0, '', '', NULL, '14.420733595444', '121.04557961226', 10),
(43, 'Radial Road 3, Muntinlupa', 'Title', '', '2014-08-11 18:04:10', 'no-image.jpg', 1, '0000-00-00 00:00:00', NULL, 1, 'road', 'other.png', 0, '', '', NULL, '14.420733595444', '121.04557961226', 10),
(44, 'Pan - Philippine Highway, Muntinlupa', 'Tiile ko to', '', '2014-08-11 18:10:14', 'no-image.jpg', 1, '0000-00-00 00:00:00', NULL, 1, 'vehicle', 'no-parking.png', 0, '', '', NULL, '14.416296678014', '121.04555815458', 10),
(45, 'East Service Road, Muntinlupa', 'Title mo to', '', '2014-08-11 18:14:38', 'no-image.jpg', 0, '2014-08-11 18:04:00', '2100-12-23 11:59:59', 1, 'road', 'loose-chippings.png', 0, '', '', NULL, '14.426892659202', '121.04533553123', 30),
(48, 'Pan - Philippine Highway, Muntinlupa', 'Yow hazard', '', '2014-08-18 14:12:55', 'no-image.jpg', 1, '0000-00-00 00:00:00', NULL, 1, 'road', 'construction-ongoing.png', 0, '', '', NULL, '14.414462657263', '121.04648351669', 10),
(49, 'San Pablo City, Philippines', 'Treasure seeking', '', '2014-08-20 11:09:13', 'no-image.jpg', 1, '0000-00-00 00:00:00', NULL, 1, 'road', 'construction-ongoing.png', 0, '', '', NULL, '14.064318539358', '121.34399414062', 10),
(50, 'J.P. Laurel Avenue, Davao City', '@#@!@112323frftdd', '', '2014-08-20 13:40:45', 'no-image.jpg', 0, '2014-08-20 13:27:00', '2100-12-23 11:59:59', 0, 'misc', 'traffic-enforcer.png', 0, '', '', NULL, '7.099620404481', '125.62458783388', 80),
(51, 'Radial Road 3, Muntinlupa', 'Trapiko', '', '2014-08-20 14:03:15', 'no-image.jpg', 0, '2014-08-20 13:51:00', '2100-12-23 11:59:59', 1, 'road', 'heavy-traffic.png', 0, '', '', NULL, '14.409812593149', '121.04216516018', 10),
(54, 'Mabini Bridge, Manila', 'Bridge Under Construction', '', '2014-08-29 13:58:49', 'no-image.jpg', 0, '1970-01-01 08:00:00', '1970-01-01 08:00:00', 0, 'road', 'roadwork-ahead.png', 0, '', '', NULL, '14.595860558989', '121.00142844021', 10),
(55, 'Mabini Bridge, Manila', 'samp', '', '2014-08-29 14:04:14', 'no-image.jpg', 0, '2014-08-29 13:51:00', '2014-08-29 18:58:00', 0, 'vehicle', 'vertical-clearance.png', 0, '', 'abe', NULL, '14.595848229617', '121.00141435862', 10),
(56, 'Brgy. San Vicente Road, Urdaneta City', 'sample narrow road', '', '2014-08-29 14:08:06', 'no-image.jpg', 1, '0000-00-00 00:00:00', NULL, 1, 'road', 'road-narrows.png', 0, '', '', NULL, '15.980607283804', '120.57489752769', 40),
(57, 'J.Teodoro, Manila', 'Divibs Hazard', 'trweryeuriuty', '2014-08-29 14:15:17', 'under-construction.png', 1, '0000-00-00 00:00:00', '0000-00-00 00:00:00', 1, 'road', 'construction-ongoing.png', 0, 'sample control', 'Dan', NULL, '14.657332198376', '120.98075866699', 10),
(58, 'A. Bonifacio St., Pandi', 'divibs hazard', 'fdaasd', '2014-08-29 14:59:24', 'under-construction.png', 0, '2014-08-29 14:48:00', '2014-08-29 14:48:00', 0, 'road', 'construction-ongoing.png', 0, 'fadsfa', '', NULL, '14.844583718783', '120.95329284668', 20),
(59, '206 Igulot Road, Bocaue', 'hazard divibs', 'adfads', '2014-08-29 15:08:07', 'under-construction.png', 0, '2014-08-29 14:56:00', '2014-08-29 14:56:00', 0, 'road', 'construction-ongoing.png', 0, 'fadsf', '', NULL, '14.802098874757', '120.96771240234', 10),
(60, 'Pandi Angat Road, Pandi', 'divibs', 'dfasdf', '2014-08-29 15:10:21', 'under-construction.png', 0, '2014-08-29 15:00:00', '2014-08-29 15:00:00', 0, 'road', 'construction-ongoing.png', 0, 'fadfas', '', NULL, '14.891703641397', '120.99208831787', 10),
(61, 'M. Valte Road, Angat', 'divibs dibibs', '', '2014-08-29 15:15:56', 'under-construction.png', 0, '2014-08-29 15:20:00', '2014-08-29 15:20:00', 0, 'road', 'construction-ongoing.png', 0, 'afdsfa', '', NULL, '14.94644059171', '121.08238220215', 10),
(63, 'Daang Bato street, Valenzuela', 'divibs daw', '', '2014-08-29 16:22:05', 'under-construction.png', 0, '2014-08-29 16:25:00', '2014-08-29 16:25:00', 0, 'road', 'construction-ongoing.png', 0, 'fadsfasdf', '', NULL, '14.740022256855', '120.99105834961', 10),
(64, 'E.Abello, Pasig', 'fsdfsdfs sfsd', 'sdfsd sdfs sdfs', '2014-08-29 16:24:38', 'no-image.jpg', 0, '2014-08-29 17:09:00', '2014-08-29 17:09:00', 0, 'vehicle', 'no-parking.png', 0, 'fs dfs ', '', NULL, '14.592388162754', '121.06658935547', 10),
(66, 'North Luzon Expressway, Balagtas', 'Divibs -  Under Construction', 'sample', '2014-09-01 12:14:15', 'no-image.jpg', 0, '2014-09-01 13:30:00', '2014-09-01 14:00:00', 0, 'road', 'construction-ongoing.png', 0, 'sample', '', NULL, '14.83363238636', '120.93063354492', 20),
(67, 'North Luzon Expressway, Balagtas', 'Divibs -  Under Construction', 'sample', '2014-09-01 12:14:16', 'no-image.jpg', 0, '2014-09-01 13:30:00', '2014-09-01 14:00:00', 0, 'road', 'construction-ongoing.png', 0, 'sample', '', NULL, '14.83363238636', '120.93063354492', 20),
(68, 'North Luzon Expressway, Balagtas', 'Divibs -  Under Construction', 'sample', '2014-09-01 12:14:16', 'no-image.jpg', 0, '2014-09-01 13:30:00', '2014-09-01 14:00:00', 0, 'road', 'construction-ongoing.png', 0, 'sample', '', NULL, '14.83363238636', '120.93063354492', 20),
(72, 'Marcosin, Novaliches', 'sample hazard ', 'sampleinfor', '2014-09-01 14:54:25', 'dummy_logo.jpg', 1, '0000-00-00 00:00:00', NULL, 1, 'road', 'construction-ongoing.png', 0, 'sample cons', '', NULL, '14.718439599734', '121.04907989502', 10),
(73, 'Pan - Philippine Highway, Muntinlupa', 'EJ Hazard', 'yow', '2014-09-01 15:41:09', 'no-image.jpg', 1, '0000-00-00 00:00:00', NULL, 1, 'road', 'construction-ongoing.png', 0, 'yow', '', NULL, '14.413181950823', '121.04569494724', 80),
(74, 'North Luzon Expressway, Bocaue', '~!@#$%^&*()', 'fadsfsdf', '2014-09-01 16:34:11', 'dummy_logo.jpg', 1, '0000-00-00 00:00:00', NULL, 1, 'vehicle', 'no-parking.png', 0, 'fsdf', '', NULL, '14.814050143769', '120.96668243408', 10),
(75, 'North Luzon Expressway, Bocaue', 'sample lang', 'fadsfsdf', '2014-09-01 16:34:54', 'dummy_logo.jpg', 1, '0000-00-00 00:00:00', NULL, 1, 'vehicle', 'no-parking.png', 0, 'fsdf', '', NULL, '14.814050143769', '120.96668243408', 10),
(77, 'Embarkadero Road, Pontevedra', '~', ';', '2014-09-01 16:37:58', 'stock-vector-cake-and-pastry-vector-illustrations-lemon-meringue-lemon-cupcake-apple-pie-and-chocolate-fudge-97465787.jpg', 1, '0000-00-00 00:00:00', '0000-00-00 00:00:00', 1, 'places', 'police-station.png', 0, ',', 'Victoria', NULL, '10.38533727319', '122.87628650665', 10),
(78, 'Bakabakahan Road, Bocaue', 'aaaaaaaaaaaaaaa', 'ewqrwerqwer', '2014-09-01 16:45:13', 'no-image.jpg', 1, '0000-00-00 00:00:00', NULL, 1, 'places', 'church.png', 0, 'fasdfsdf', '', NULL, '14.834628987321', '120.945353508', 10),
(87, 'Marilao Service Road, Marilao', 'Jake Hazard Marilao 1', 'Jake Hazard Marilao 1', '2014-09-01 16:45:50', 'sparta.jpg', 0, '2014-09-01 16:40:00', '2014-09-05 16:40:00', 0, 'road', 'roadwork-ahead.png', 0, 'Jake Hazard Marilao 1', 'John-Kevin', NULL, '14.770105185142', '120.95596969128', 10),
(88, 'MacArthur Highway, Malolos', 'bbbbbbbbbbbbbbb', 'asdfasdafsd', '2014-09-01 17:06:56', 'no-image.jpg', 1, '0000-00-00 00:00:00', NULL, 1, 'road', 'overpass.png', 0, 'adsfasdf', '', NULL, '14.852548983093', '120.83347320557', 10),
(89, 'North Luzon Expressway, Guiguinto', ',mnb,b,mbn,mnm', '', '2014-09-01 17:08:03', 'ambers.jpg', 1, '0000-00-00 00:00:00', NULL, 1, 'road', 'falling-rocks.png', 0, '', '', NULL, '14.859517345775', '120.89630126953', 10),
(90, 'Barrientos Street, Patnongon', 'Dan - Time Test', '', '2014-09-01 17:18:03', 'no-image.jpg', 0, '2014-09-01 17:04:06', '2014-09-01 17:13:06', 0, 'vehicle', 'no-parking.png', 0, '', 'Dan', NULL, '10.91984688714', '121.98271930218', 10),
(93, 'Commonwealth Avenue, Quezon City', 'adsfasdf', '', '2014-09-01 17:52:51', 'no-image.jpg', 1, '0000-00-00 00:00:00', NULL, 1, 'vehicle', 'no-parking.png', 0, '', '', NULL, '14.701359282969', '121.08705997467', 10),
(94, '83 Gaspar, Marilao', 'Jake Trial Detour Hazard 2', '', '2014-09-01 17:57:15', 'sparta.jpg', 1, '0000-00-00 00:00:00', NULL, 1, 'road', 'detour.png', 0, '', '', NULL, '14.771861031734', '120.96262156963', 10),
(96, 'Calasiao - Urdaneta Road, Santa Barbara', '_', '', '2014-09-01 18:05:42', 'no-image.jpg', 0, '2014-09-01 17:50:42', '2014-09-01 17:50:42', 0, 'misc', 'bridge.png', 0, '', '', NULL, '15.9787403131', '120.47410011292', 10),
(97, 'Commonwealth Avenue, Quezon City', 'dfasdfsdfasd', '', '2014-09-01 18:33:50', 'dummy_logo.jpg', 1, '0000-00-00 00:00:00', NULL, 1, 'road', 'construction-ongoing.png', 0, '', '', NULL, '14.703315450066', '121.08536481857', 10),
(98, 'Tabang Spur Road, Guiguinto', 'temporary hazard - divibs', 'divibs information', '2014-09-02 11:16:23', 'images.jpg', 0, '2014-09-02 11:00:49', '2014-09-02 11:20:00', 0, 'road', 'construction-ongoing.png', 0, 'divibs controls', '', NULL, '14.845248378313', '120.87535858154', 10),
(99, 'North Luzon Expressway, Guiguinto', 'afdasdf', 'adsfasdfasd', '2014-09-02 11:19:30', 'images.jpg', 0, '2014-09-02 11:05:29', '2014-09-02 11:20:29', 0, 'road', 'construction-ongoing.png', 0, 'asdfadsf', '', NULL, '14.841307966476', '120.89415550232', 10),
(100, 'Pan - Philippine Highway, Muntinlupa', 'Walang Net', 'Hohohoho', '2014-09-02 13:36:10', 'no-image.jpg', 0, '2014-09-05 17:16:48', '2010-09-05 17:16:50', 0, 'road', 'construction-ongoing.png', 0, 'Extend pa?', 'EL John Chandragupta Haba PAngalan di ba Orakol ye', NULL, '14.414015839593', '121.04627430439', 10),
(101, 'Pan - Philippine Highway, Muntinlupa', 'yow', '', '2014-09-02 15:14:58', 'no-image.jpg', 1, '0000-00-00 00:00:00', NULL, 1, 'road', 'construction-ongoing.png', 0, '', '', NULL, '14.411503772781', '121.04613214731', 10),
(102, 'Commonwealth Avenue, Novaliches', 'sample church', 'sample information', '2014-09-02 15:55:44', 'no-image.jpg', 1, '0000-00-00 00:00:00', NULL, 1, 'places', 'church.png', 0, 'sample controls', '', NULL, '14.705047839807', '121.08180820942', 10),
(103, 'Civic Drive, Muntinlupa', 'Haggard Management', 'asdqwe', '2014-09-02 17:15:18', 'no-image.jpg', 1, '0000-00-00 00:00:00', NULL, 1, 'road', 'construction-ongoing.png', 0, 'asdsd', '', NULL, '14.414930256036', '121.04307174683', 30),
(105, 'Radial Road 3, Muntinlupa', 'Yooowww', '', '2014-09-02 17:19:56', 'cant_connect_again.png', 1, '0000-00-00 00:00:00', NULL, 1, 'road', 'uneven-road.png', 0, '', '', NULL, '14.414192488581', '121.04433774948', 10),
(106, '5th Street, Muntinlupa', 'Nice Car Temp EDITED PIC', '', '2014-09-02 17:35:26', 'acoustic-guitar.jpg', 0, '2014-09-02 17:23:30', '1970-01-01 08:00:00', 0, 'road', 'road-accident.png', 0, '', 'EL John', NULL, '14.414026230743', '121.04733645916', 80),
(107, '5th Street, Muntinlupa', 'Halukay Ube', 'aaaaaaaaaaaaaaaaaaaaaaaaaaaaaaaaaaaaaaaaaaaaaaaaaaaaaaaaaaaaaaaaaaaaaaaaaaaaaaaaaaaaaaaaaaaaaaaaaaaaaaaaaaaaaaaaaaaaaaaaaaaaaaaaaaaaaaaaaaaaaaaaaaaaaaaaaaaaaaaaaaaaaaaaaaaaaaaaaaaaaaaaaaaaaaaaaaaasdsdsdsaaaaaaaaaaaaaaaaaaaaaaaaaaaaaaaaaaaaaaaaaaaaaaaaaaaaaaaaaaaaaaaaaaaaaaaaaaaaaaaaaaaaaaaaaaaaaaaaaaasdsdsdsaaaaaaaaaaaaaaaaaaaaaaaaaaaaaaaaaaaaaaaaaaaaaaaaaaaaaaaaaaaaaaaaaaaaaaaaaaaaaaaaaaaaaaaaaaaaaaaaaaasdsdsdsaaaaaaaaaaaaaaaaaaaaaaaaaaaaaaaaaaaaaaaaaaaaaaaaaaaaaaaaaaaaaaaaaaaaaaaaaaaaaaaaaaaaaaaaaaaaaaaaaaasdsdsdsaaaaaaaaaaaaaaaaaaaaaaaaaaaaaaaaaaaaaaaaaaaaaaaaaaaaaaaaaaaaaaaaaaaaaaaaaaaaaaaaaaaaaaaaaaaaaaaaaaasdsdsdsaaaaaaaaaaaaaaaaaaaaaaaaaaaaaaaaaaaaaaaaaaaaaaaaaaaaaaaaaaaaaaaaaaaaaaaaaaaaaaaaaaaaaaaaaaaaaaaaaaasdsdsdsaaaaaaaaaaaaaaaaaaaaaaaaaaaaaaaaaaaaaaaaaaaaaaaaaaaaaaaaaaaaaaaaaaaaaaaaaaaaaaaaaaaaaaaaaaaaaaaaaaasdsdsdsaaaaaaaaaaaaaaaaaaaaaaaaaaaaaaaaaaaaaaaaaaaaaaaaaaaaaaaaaaaaaaaaaaaaaaaaaaaaaaaaaaaaaaaaaaaaaaaaaaasdsdsdsaaaaaaaaaaaaaaaaaaaaaaaaaaaaaaaaaaaaaaaaaaaaaaaaaaaaaaaaaaaaaaaaaaaaaaaaaaaaaaaaaaaaaaaaaaaaaaaaaaasdsdsdsaaaaaaaaaaaaaaaaaaaaaaaaaaaaaaaaaaaaaaaaaaaaaaaaaaaaaaaaaaaaaaaaaaaaaaaaaaaaaaaaaaaaaaaaaaaaaaaaaaasdsdsdsaaaaaaaaaaaaaaaaaaaaaaaaaaaaaaaaaaaaaaaaaaaaaaaaaaaaaaaaaaaaaaaaaaaaaaaaaaaaaaaaaaaaaaaaaaaaaaaaaaasdsdsdsaaaaaaaaaaaaaaaaaaaaaaaaaaaaaaaaaaaaaaaaaaaaaaaaaaaaaaaaaaaaaaaaaaaaaaaaaaaaaaaaaaaaaaaaaaaaaaaaaaasdsdsdsaaaaaaaaaaaaaaaaaaaaaaaaaaaaaaaaaaaaaaaaaaaaaaaaaaaaaaaaaaaaaaaaaaaaaaaaaaaaaaaaaaaaaaaaaaaaaaaaaaasdsdsdsaaaaaaaaaaaaaaaaaaaaaaaaaaaaaaaaaaaaaaaaaaaaaaaaaaaaaaaaaaaaaaaaaaaaaaaaaaaaaaaaaaaaaaaaaaaaaaaaaaasdsdsdsaaaaaaaaaaaaaaaaaaaaaaaaaaaaaaaaaaaaaaaaaaaaaaaaaaaaaaaaaaaaaaaaaaaaaaaaaaaaaaaaaaaaaaaaaaaaaaaaaaasdsdsdsaaaaaaaaaaaaaaaaaaaaaaaaaaaaaaaaaaaaaaaaaaaaaaaaaaaaaaaaaaaaaaaaaaaaaaaaaaaaaaaaaaaaaaaaaaaaaaaaaaasdsdsdsaaaaaaaaaaaaaaaaaaaaaaaaaaaaaaaaaaaaaaaaaaaaaaaaaaaaaaaaaaaaaaaaaaaaaaaaaaaaaaaaaaaaaaaaaaaaaaaaaaasdsdsdsaaaaaaaaaaaaaaaaaaaaaaaaaaaaaaaaaaaaaaaaaaaaaaaaaaaaaaaaaaaaaaaaaaaaaaaaaaaaaaaaaaaaaaaaaaaaaaaaaaasdsdsdsaaaaaaaaaaaaaaaaaaaaaaaaaaaaaaaaaaaaaaaaaaaaaaaaaaaaaaaaaaaaaaaaaaaaaaaaaaaaaaaaaaaaaaaaaaaaaaaaaaasdsdsdsaaaaaaaaaaaaaaaaaaaaaaaaaaaaaaaaaaaaaaaaaaaaaaaaaaaaaaaaaaaaaaaaaaaaaaaaaaaaaaaaaaaaaaaaaaaaaaaaaaasdsdsdsaaaaaaaaaaaaaaaaaaaaaaaaaaaaaaaaaaaaaaaaaaaaaaaaaaaaaaaaaaaaaaaaaaaaaaaaaaaaaaaaaaaaaaaaaaaaaaaaaaasdsdsdsaaaaaaaaaaaaaaaaaaaaaaaaaaaaaaaaaaaaaaaaaaaaaaaaaaaaaaaaaaaaaaaaaaaaaaaaaaaaaaaaaaaaaaaaaaaaaaaaaaasdsdsdsaaaaaaaaaaaaaaaaaaaaaaaaaaaaaaaaaaaaaaaaaaaaaaaaaaaaaaaaaaaaaaaaaaaaaaaaaaaaaaaaaaaaaaaaaaaaaaaaaaasdsdsdsaaaaaaaaaaaaaaaaaaaaaaaaaaaaaaaaaaaaaaaaaaaaaaaaaaaaaaaaaaaaaaaaaaaaaaaaaaaaaaaaaaaaaaaaaaaaaaaaaaasdsdsdsaaaaaaaaaaaaaaaaaaaaaaaaaaaaaaaaaaaaaaaaaaaaaaaaaaaaaaaaaaaaaaaaaaaaaaaaaaaaaaaaaaaaaaaaaaaaaaaaaaasdsdsdsaaaaaaaaaaaaaaaaaaaaaaaaaaaaaaaaaaaaaaaaaaaaaaaaaaaaaaaaaaaaaaaaaaaaaaaaaaaaaaaaaaaaaaaaaaaaaaaaaaasdsdsdsaaaaaaaaaaaaaaaaaaaaaaaaaaaaaaaaaaaaaaaaaaaaaaaaaaaaaaaaaaaaaaaaaaaaaaaaaaaaaaaaaaaaaaaaaaaaaaaaaaasdsdsdsaaaaaaaaaaaaaaaaaaaaaaaaaaaaaaaaaaaaaaaaaaaaaaaaaaaaaaaaaaaaaaaaaaaaaaaaaaaaaaaaaaaaaaaaaaaaaaaaaaasdsdsdsaaaaaaaaaaaaaaaaaaaaaaaaaaaaaaaaaaaaaaaaaaaaaaaaaaaaaaaaaaaaaaaaaaaaaaaaaaaaaaaaaaaaaaaaaaaaaaaaaaasdsdsdsaaaaaaaaaaaaaaaaaaaaaaaaaaaaaaaaaaaaaaaaaaaaaaaaaaaaaaaaaaaaaaaaaaaaaaaaaaaaaaaaaaaaaaaaaaaaaaaaaaasdsdsdsaaaaaaaaaaaaaaaaaaaaaaaaaaaaaaaaaaaaaaaaaaaaaaaaaaaaaaaaaaaaaaaaaaaaaaaaaaaaaaaaaaaaaaaaaaaaaaaaaaasdsdsdsaaaaaaaaaaaaaaaaaaaaaaaaaaaaaaaaaaaaaaaaaaaaaaaaaaaaaaaaaaaaaaaaaaaaaaaaaaaaaaaaaaaaaaaaaaaaaaaaaaasdsdsdsaaaaaaaaaaaaaaaaaaaaaaaaaaaaaaaaaaaaaaaaaaaaaaaaaaaaaaaaaaaaaaaaaaaaaaaaaaaaaaaaaaaaaaaaaaaaaaaaaaasdsdsdsaaaaaaaaaaaaaaaaaaaaaaaaaaaaaaaaaaaaaaaaaaaaaaaaaaaaaaaaaaaaaaaaaaaaaaaaaaaaaaaaaaaaaaaaaaaaaaaaaaasdsdsdsaaaaaaaaaaaaaaaaaaaaaaaaaaaaaaaaaaaaaaaaaaaaaaaaaaaaaaaaaaaaaaaaaaaaaaaaaaaaaaaaaaaaaaaaaaaaaaaaaaasdsdsdsaaaaaaaaaaaaaaaaaaaaaaaaaaaaaaaaaaaaaaaaaaaaaaaaaaaaaaaaaaaaaaaaaaaaaaaaaaaaaaaaaaaaaaaaaaaaaaaaaaasdsdsdsaaaaaaaaaaaaaaaaaaaaaaaaaaaaaaaaaaaaaaaaaaaaaaaaaaaaaaaaaaaaaaaaaaaaaaaaaaaaaaaaaaaaaaaaaaaaaaaaaaasdsdsdsaaaaaaaaaaaaaaaaaaaaaaaaaaaaaaaaaaaaaaaaaaaaaaaaaaaaaaaaaaaaaaaaaaaaaaaaaaaaaaaaaaaaaaaaaaaaaaaaaaasdsdsdsaaaaaaaaaaaaaaaaaaaaaaaaaaaaaaaaaaaaaaaaaaaaaaaaaaaaaaaaaaaaaaaaaaaaaaaaaaaaaaaaaaaaaaaaaaaaaaaaaaasdsdsdsaaaaaaaaaaaaaaaaaaaaaaaaaaaaaaaaaaaaaaaaaaaaaaaaaaaaaaaaaaaaaaaaaaaaaaaaaaaaaaaaaaaaaaaaaaaaaaaaaaasdsdsdsaaaaaaaaaaaaaaaaaaaaaaaaaaaaaaaaaaaaaaaaaaaaaaaaaaaaaaaaaaaaaaaaaaaaaaaaaaaaaaaaaaaaaaaaaaaaaaaaaaasdsdsdsaaaaaaaaaaaaaaaaaaaaaaaaaaaaaaaaaaaaaaaaaaaaaaaaaaaaaaaaaaaaaaaaaaaaaaaaaaaaaaaaaaaaaaaaaaaaaaaaaaasdsdsdsaaaaaaaaaaaaaaaaaaaaaaaaaaaaaaaaaaaaaaaaaaaaaaaaaaaaaaaaaaaaaaaaaaaaaaaaaaaaaaaaaaaaaaaaaaaaaaaaaaasdsdsdsaaaaaaaaaaaaaaaaaaaaaaaaaaaaaaaaaaaaaaaaaaaaaaaaaaaaaaaaaaaaaaaaaaaaaaaaaaaaaaaaaaaaaaaaaaaaaaaaaaasdsdsdsaaaaaaaaaaaaaaaaaaaaaaaaaaaaaaaaaaaaaaaaaaaaaaaaaaaaaaaaaaaaaaaaaaaaaaaaaaaaaaaaaaaaaaaaaaaaaaaaaaasdsdsdsaaaaaaaaaaaaaaaaaaaaaaaaaaaaaaaaaaaaaaaaaaaaaaaaaaaaaaaaaaaaaaaaaaaaaaaaaaaaaaaaaaaaaaaaaaaaaaaaaaasdsdsdsaaaaaaaaaaaaaaaaaaaaaaaaaaaaaaaaaaaaaaaaaaaaaaaaaaaaaaaaaaaaaaaaaaaaaaaaaaaaaaaaaaaaaaaaaaaaaaaaaaasdsdsdsaaaaaaaaaaaaaaaaaaaaaaaaaaaaaaaaaaaaaaaaaaaaaaaaaaaaaaaaaaaaaaaaaaaaaaaaaaaaaaaaaaaaaaaaaaaaaaaaaaasdsdsdsaaaaaaaaaaaaaaaaaaaaaaaaaaaaaaaaaaaaaaaaaaaaaaaaaaaaaaaaaaaaaaaaaaaaaaaaaaaaaaaaaaaaaaaaaaaaaaaaaaasdsdsdsaaaaaaaaaaaaaaaaaaaaaaaaaaaaaaaaaaaaaaaaaaaaaaaaaaaaaaaaaaaaaaaaaaaaaaaaaaaaaaaaaaaaaaaaaaaaaaaaaaasdsdsdsaaaaaaaaaaaaaaaaaaaaaaaaaaaaaaaaaaaaaaaaaaaaaaaaaaaaaaaaaaaaaaaaaaaaaaaaaaaaaaaaaaaaaaaaaaaaaaaaaaasdsdsdsaaaaaaaaaaaaaaaaaaaaaaaaaaaaaaaaaaaaaaaaaaaaaaaaaaaaaaaaaaaaaaaaaaaaaaaaaaaaaaaaaaaaaaaaaaaaaaaaaaasdsdsdsaaaaaaaaaaaaaaaaaaaaaaaaaaaaaaaaaaaaaaaaaaaaaaaaaaaaaaaaaaaaaaaaaaaaaaaaaaaaaaaaaaaaaaaaaaaaaaaaaaasdsdsdsaaaaaaaaaaaaaaaaaaaaaaaaaaaaaaaaaaaaaaaaaaaaaaaaaaaaaaaaaaaaaaaaaaaaaaaaaaaaaaaaaaaaaaaaaaaaaaaaaaasdsdsdsaaaaaaaaaaaaaaaaaaaaaaaaaaaaaaaaaaaaaaaaaaaaaaaaaaaaaaaaaaaaaaaaaaaaaaaaaaaaaaaaaaaaaaaaaaaaaaaaaaasdsdsdsaaaaaaaaaaaaaaaaaaaaaaaaaaaaaaaaaaaaaaaaaaaaaaaaaaaaaaaaaaaaaaaaaaaaaaaaaaaaaaaaaaaaaaaaaaaaaaaaaaasdsdsdsaaaaaaaaaaaaaaaaaaaaaaaaaaaaaaaaaaaaaaaaaaaaaaaaaaaaaaaaaaaaaaaaaaaaaaaaaaaaaaaaaaaaaaaaaaaaaaaaaaasdsdsdsaaaaaaaaaaaaaaaaaaaaaaaaaaaaaaaaaaaaaaaaaaaaaaaaaaaaaaaaaaaaaaaaaaaaaaaaaaaaaaaaaaaaaaaaaaaaaaaaaaasdsdsdsaaaaaaaaaaaaaaaaaaaaaaaaaaaaaaaaaaaaaaaaaaaaaaaaaaaaaaaaaaaaaaaaaaaaaaaaaaaaaaaaaaaaaaaaaaaaaaaaaaasdsdsdsaaaaaaaaaaaaaaaaaaaaaaaaaaaaaaaaaaaaaaaaaaaaaaaaaaaaaaaaaaaaaaaaaaaaaaaaaaaaaaaaaaaaaaaaaaaaaaaaaaasdsdsdsaaaaaaaaaaaaaaaaaaaaaaaaaaaaaaaaaaaaaaaaaaaaaaaaaaaaaaaaaaaaaaaaaaaaaaaaaaaaaaaaaaaaaaaaaaaaaaaaaaasdsdsdsaaaaaaaaaaaaaaaaaaaaaaaaaaaaaaaaaaaaaaaaaaaaaaaaaaaaaaaaaaaaaaaaaaaaaaaaaaaaaaaaaaaaaaaaaaaaaaaaaaasdsdsdsaaaaaaaaaaaaaaaaaaaaaaaaaaaaaaaaaaaaaaaaaaaaaaaaaaaaaaaaaaaaaaaaaaaaaaaaaaaaaaaaaaaaaaaaaaaaaaaaaaasdsdsdsaaaaaaaaaaaaaaaaaaaaaaaaaaaaaaaaaaaaaaaaaaaaaaaaaaaaaaaaaaaaaaaaaaaaaaaaaaaaaaaaaaaaaaaaaaaaaaaaaaasdsdsdsaaaaaaaaaaaaaaaaaaaaaaaaaaaaaaaaaaaaaaaaaaaaaaaaaaaaaaaaaaaaaaaaaaaaaaaaaaaaaaaaaaaaaaaaaaaaaaaaaaasdsdsdsaaaaaaaaaaaaaaaaaaaaaaaaaaaaaaaaaaaaaaaaaaaaaaaaaaaaaaaaaaaaaaaaaaaaaaaaaaaaaaaaaaaaaaaaaaaaaaaaaaasdsdsdsaaaaaaaaaaaaaaaaaaaaaaaaaaaaaaaaaaaaaaaaaaaaaaaaaaaaaaaaaaaaaaaaaaaaaaaaaaaaaaaaaaaaaaaaaaaaaaaaaaasdsdsdsaaaaaaaaaaaaaaaaaaaaaaaaaaaaaaaaaaaaaaaaaaaaaaaaaaaaaaaaaaaaaaaaaaaaaaaaaaaaaaaaaaaaaaaaaaaaaaaaaaasdsdsdsaaaaaaaaaaaaaaaaaaaaaaaaaaaaaaaaaaaaaaaaaaaaaaaaaaaaaaaaaaaaaaaaaaaaaaaaaaaaaaaaaaaaaaaaaaaaaaaaaaasdsdsdsaaaaaaaaaaaaaaaaaaaaaaaaaaaaaaaaaaaaaaaaaaaaaaaaaaaaaaaaaaaaaaaaaaaaaaaaaaaaaaaaaaaaaaaaaaaaaaaaaaasdsdsdsaaaaaaaaaaaaaaaaaaaaaaaaaaaaaaaaaaaaaaaaaaaaaaaaaaaaaaaaaaaaaaaaaaaaaaaaaaaaaaaaaaaaaaaaaaaaaaaaaaasdsdsdsaasdsdsds', '2014-09-03 10:28:36', 'no-image.jpg', 1, '0000-00-00 00:00:00', NULL, 1, 'road', 'construction-ongoing.png', 0, 'aaaaaaaaaaaaaaaaaaaaaaaaaaaaaaaaaaaaaaaaaaaaaaaaaaaaaaaaaaaaaaaaaaaaaaaaaaaaaaaaaaaaaaaaaaaaaaaaaaaaaaaaaaaaaaaaaaaaaaaaaaaaaaaaaaaaaaaaaaaaaaaaaaaaaaaaaaaaaaaaaaaaaaaaaaaaaaaaaaaaaaaaaaaaaaaaaaaasdsdsdsaaaaaaaaaaaaaaaaaaaaaaaaaaaaaaaaaaaaaaaaaaaaaaaaaaaaaaaaaaaaaaaaaaaaaaaaaaaaaaaaaaaaaaaaaaaaaaaaaaasdsdsdsaaaaaaaaaaaaaaaaaaaaaaaaaaaaaaaaaaaaaaaaaaaaaaaaaaaaaaaaaaaaaaaaaaaaaaaaaaaaaaaaaaaaaaaaaaaaaaaaaaasdsdsdsaaaaaaaaaaaaaaaaaaaaaaaaaaaaaaaaaaaaaaaaaaaaaaaaaaaaaaaaaaaaaaaaaaaaaaaaaaaaaaaaaaaaaaaaaaaaaaaaaaasdsdsdsaaaaaaaaaaaaaaaaaaaaaaaaaaaaaaaaaaaaaaaaaaaaaaaaaaaaaaaaaaaaaaaaaaaaaaaaaaaaaaaaaaaaaaaaaaaaaaaaaaasdsdsdsaaaaaaaaaaaaaaaaaaaaaaaaaaaaaaaaaaaaaaaaaaaaaaaaaaaaaaaaaaaaaaaaaaaaaaaaaaaaaaaaaaaaaaaaaaaaaaaaaaasdsdsdsaaaaaaaaaaaaaaaaaaaaaaaaaaaaaaaaaaaaaaaaaaaaaaaaaaaaaaaaaaaaaaaaaaaaaaaaaaaaaaaaaaaaaaaaaaaaaaaaaaasdsdsdsaaaaaaaaaaaaaaaaaaaaaaaaaaaaaaaaaaaaaaaaaaaaaaaaaaaaaaaaaaaaaaaaaaaaaaaaaaaaaaaaaaaaaaaaaaaaaaaaaaasdsdsdsaaaaaaaaaaaaaaaaaaaaaaaaaaaaaaaaaaaaaaaaaaaaaaaaaaaaaaaaaaaaaaaaaaaaaaaaaaaaaaaaaaaaaaaaaaaaaaaaaaasdsdsdsaaaaaaaaaaaaaaaaaaaaaaaaaaaaaaaaaaaaaaaaaaaaaaaaaaaaaaaaaaaaaaaaaaaaaaaaaaaaaaaaaaaaaaaaaaaaaaaaaaasdsdsdsaaaaaaaaaaaaaaaaaaaaaaaaaaaaaaaaaaaaaaaaaaaaaaaaaaaaaaaaaaaaaaaaaaaaaaaaaaaaaaaaaaaaaaaaaaaaaaaaaaasdsdsdsaaaaaaaaaaaaaaaaaaaaaaaaaaaaaaaaaaaaaaaaaaaaaaaaaaaaaaaaaaaaaaaaaaaaaaaaaaaaaaaaaaaaaaaaaaaaaaaaaaasdsdsdsaaaaaaaaaaaaaaaaaaaaaaaaaaaaaaaaaaaaaaaaaaaaaaaaaaaaaaaaaaaaaaaaaaaaaaaaaaaaaaaaaaaaaaaaaaaaaaaaaaasdsdsdsaaaaaaaaaaaaaaaaaaaaaaaaaaaaaaaaaaaaaaaaaaaaaaaaaaaaaaaaaaaaaaaaaaaaaaaaaaaaaaaaaaaaaaaaaaaaaaaaaaasdsdsdsaaaaaaaaaaaaaaaaaaaaaaaaaaaaaaaaaaaaaaaaaaaaaaaaaaaaaaaaaaaaaaaaaaaaaaaaaaaaaaaaaaaaaaaaaaaaaaaaaaasdsdsdsaaaaaaaaaaaaaaaaaaaaaaaaaaaaaaaaaaaaaaaaaaaaaaaaaaaaaaaaaaaaaaaaaaaaaaaaaaaaaaaaaaaaaaaaaaaaaaaaaaasdsdsdsaaaaaaaaaaaaaaaaaaaaaaaaaaaaaaaaaaaaaaaaaaaaaaaaaaaaaaaaaaaaaaaaaaaaaaaaaaaaaaaaaaaaaaaaaaaaaaaaaaasdsdsdsaaaaaaaaaaaaaaaaaaaaaaaaaaaaaaaaaaaaaaaaaaaaaaaaaaaaaaaaaaaaaaaaaaaaaaaaaaaaaaaaaaaaaaaaaaaaaaaaaaasdsdsdsaaaaaaaaaaaaaaaaaaaaaaaaaaaaaaaaaaaaaaaaaaaaaaaaaaaaaaaaaaaaaaaaaaaaaaaaaaaaaaaaaaaaaaaaaaaaaaaaaaasdsdsdsaaaaaaaaaaaaaaaaaaaaaaaaaaaaaaaaaaaaaaaaaaaaaaaaaaaaaaaaaaaaaaaaaaaaaaaaaaaaaaaaaaaaaaaaaaaaaaaaaaasdsdsdsaaaaaaaaaaaaaaaaaaaaaaaaaaaaaaaaaaaaaaaaaaaaaaaaaaaaaaaaaaaaaaaaaaaaaaaaaaaaaaaaaaaaaaaaaaaaaaaaaaasdsdsdsaaaaaaaaaaaaaaaaaaaaaaaaaaaaaaaaaaaaaaaaaaaaaaaaaaaaaaaaaaaaaaaaaaaaaaaaaaaaaaaaaaaaaaaaaaaaaaaaaaasdsdsdsaaaaaaaaaaaaaaaaaaaaaaaaaaaaaaaaaaaaaaaaaaaaaaaaaaaaaaaaaaaaaaaaaaaaaaaaaaaaaaaaaaaaaaaaaaaaaaaaaaasdsdsdsaaaaaaaaaaaaaaaaaaaaaaaaaaaaaaaaaaaaaaaaaaaaaaaaaaaaaaaaaaaaaaaaaaaaaaaaaaaaaaaaaaaaaaaaaaaaaaaaaaasdsdsdsaaaaaaaaaaaaaaaaaaaaaaaaaaaaaaaaaaaaaaaaaaaaaaaaaaaaaaaaaaaaaaaaaaaaaaaaaaaaaaaaaaaaaaaaaaaaaaaaaaasdsdsdsaaaaaaaaaaaaaaaaaaaaaaaaaaaaaaaaaaaaaaaaaaaaaaaaaaaaaaaaaaaaaaaaaaaaaaaaaaaaaaaaaaaaaaaaaaaaaaaaaaasdsdsdsaaaaaaaaaaaaaaaaaaaaaaaaaaaaaaaaaaaaaaaaaaaaaaaaaaaaaaaaaaaaaaaaaaaaaaaaaaaaaaaaaaaaaaaaaaaaaaaaaaasdsdsdsaaaaaaaaaaaaaaaaaaaaaaaaaaaaaaaaaaaaaaaaaaaaaaaaaaaaaaaaaaaaaaaaaaaaaaaaaaaaaaaaaaaaaaaaaaaaaaaaaaasdsdsdsaaaaaaaaaaaaaaaaaaaaaaaaaaaaaaaaaaaaaaaaaaaaaaaaaaaaaaaaaaaaaaaaaaaaaaaaaaaaaaaaaaaaaaaaaaaaaaaaaaasdsdsdsaaaaaaaaaaaaaaaaaaaaaaaaaaaaaaaaaaaaaaaaaaaaaaaaaaaaaaaaaaaaaaaaaaaaaaaaaaaaaaaaaaaaaaaaaaaaaaaaaaasdsdsdsaaaaaaaaaaaaaaaaaaaaaaaaaaaaaaaaaaaaaaaaaaaaaaaaaaaaaaaaaaaaaaaaaaaaaaaaaaaaaaaaaaaaaaaaaaaaaaaaaaasdsdsdsaaaaaaaaaaaaaaaaaaaaaaaaaaaaaaaaaaaaaaaaaaaaaaaaaaaaaaaaaaaaaaaaaaaaaaaaaaaaaaaaaaaaaaaaaaaaaaaaaaasdsdsdsaaaaaaaaaaaaaaaaaaaaaaaaaaaaaaaaaaaaaaaaaaaaaaaaaaaaaaaaaaaaaaaaaaaaaaaaaaaaaaaaaaaaaaaaaaaaaaaaaaasdsdsdsaaaaaaaaaaaaaaaaaaaaaaaaaaaaaaaaaaaaaaaaaaaaaaaaaaaaaaaaaaaaaaaaaaaaaaaaaaaaaaaaaaaaaaaaaaaaaaaaaaasdsdsdsaaaaaaaaaaaaaaaaaaaaaaaaaaaaaaaaaaaaaaaaaaaaaaaaaaaaaaaaaaaaaaaaaaaaaaaaaaaaaaaaaaaaaaaaaaaaaaaaaaasdsdsdsaaaaaaaaaaaaaaaaaaaaaaaaaaaaaaaaaaaaaaaaaaaaaaaaaaaaaaaaaaaaaaaaaaaaaaaaaaaaaaaaaaaaaaaaaaaaaaaaaaasdsdsdsaaaaaaaaaaaaaaaaaaaaaaaaaaaaaaaaaaaaaaaaaaaaaaaaaaaaaaaaaaaaaaaaaaaaaaaaaaaaaaaaaaaaaaaaaaaaaaaaaaasdsdsdsaaaaaaaaaaaaaaaaaaaaaaaaaaaaaaaaaaaaaaaaaaaaaaaaaaaaaaaaaaaaaaaaaaaaaaaaaaaaaaaaaaaaaaaaaaaaaaaaaaasdsdsdsaaaaaaaaaaaaaaaaaaaaaaaaaaaaaaaaaaaaaaaaaaaaaaaaaaaaaaaaaaaaaaaaaaaaaaaaaaaaaaaaaaaaaaaaaaaaaaaaaaasdsdsdsaaaaaaaaaaaaaaaaaaaaaaaaaaaaaaaaaaaaaaaaaaaaaaaaaaaaaaaaaaaaaaaaaaaaaaaaaaaaaaaaaaaaaaaaaaaaaaaaaaasdsdsdsaaaaaaaaaaaaaaaaaaaaaaaaaaaaaaaaaaaaaaaaaaaaaaaaaaaaaaaaaaaaaaaaaaaaaaaaaaaaaaaaaaaaaaaaaaaaaaaaaaasdsdsdsaaaaaaaaaaaaaaaaaaaaaaaaaaaaaaaaaaaaaaaaaaaaaaaaaaaaaaaaaaaaaaaaaaaaaaaaaaaaaaaaaaaaaaaaaaaaaaaaaaasdsdsdsaaaaaaaaaaaaaaaaaaaaaaaaaaaaaaaaaaaaaaaaaaaaaaaaaaaaaaaaaaaaaaaaaaaaaaaaaaaaaaaaaaaaaaaaaaaaaaaaaaasdsdsdsaaaaaaaaaaaaaaaaaaaaaaaaaaaaaaaaaaaaaaaaaaaaaaaaaaaaaaaaaaaaaaaaaaaaaaaaaaaaaaaaaaaaaaaaaaaaaaaaaaasdsdsdsaaaaaaaaaaaaaaaaaaaaaaaaaaaaaaaaaaaaaaaaaaaaaaaaaaaaaaaaaaaaaaaaaaaaaaaaaaaaaaaaaaaaaaaaaaaaaaaaaaasdsdsdsaaaaaaaaaaaaaaaaaaaaaaaaaaaaaaaaaaaaaaaaaaaaaaaaaaaaaaaaaaaaaaaaaaaaaaaaaaaaaaaaaaaaaaaaaaaaaaaaaaasdsdsdsaaaaaaaaaaaaaaaaaaaaaaaaaaaaaaaaaaaaaaaaaaaaaaaaaaaaaaaaaaaaaaaaaaaaaaaaaaaaaaaaaaaaaaaaaaaaaaaaaaasdsdsdsaaaaaaaaaaaaaaaaaaaaaaaaaaaaaaaaaaaaaaaaaaaaaaaaaaaaaaaaaaaaaaaaaaaaaaaaaaaaaaaaaaaaaaaaaaaaaaaaaaasdsdsdsaaaaaaaaaaaaaaaaaaaaaaaaaaaaaaaaaaaaaaaaaaaaaaaaaaaaaaaaaaaaaaaaaaaaaaaaaaaaaaaaaaaaaaaaaaaaaaaaaaasdsdsdsaaaaaaaaaaaaaaaaaaaaaaaaaaaaaaaaaaaaaaaaaaaaaaaaaaaaaaaaaaaaaaaaaaaaaaaaaaaaaaaaaaaaaaaaaaaaaaaaaaasdsdsdsaaaaaaaaaaaaaaaaaaaaaaaaaaaaaaaaaaaaaaaaaaaaaaaaaaaaaaaaaaaaaaaaaaaaaaaaaaaaaaaaaaaaaaaaaaaaaaaaaaasdsdsdsaaaaaaaaaaaaaaaaaaaaaaaaaaaaaaaaaaaaaaaaaaaaaaaaaaaaaaaaaaaaaaaaaaaaaaaaaaaaaaaaaaaaaaaaaaaaaaaaaaasdsdsdsaaaaaaaaaaaaaaaaaaaaaaaaaaaaaaaaaaaaaaaaaaaaaaaaaaaaaaaaaaaaaaaaaaaaaaaaaaaaaaaaaaaaaaaaaaaaaaaaaaasdsdsdsaaaaaaaaaaaaaaaaaaaaaaaaaaaaaaaaaaaaaaaaaaaaaaaaaaaaaaaaaaaaaaaaaaaaaaaaaaaaaaaaaaaaaaaaaaaaaaaaaaasdsdsdsaaaaaaaaaaaaaaaaaaaaaaaaaaaaaaaaaaaaaaaaaaaaaaaaaaaaaaaaaaaaaaaaaaaaaaaaaaaaaaaaaaaaaaaaaaaaaaaaaaasdsdsdsaaaaaaaaaaaaaaaaaaaaaaaaaaaaaaaaaaaaaaaaaaaaaaaaaaaaaaaaaaaaaaaaaaaaaaaaaaaaaaaaaaaaaaaaaaaaaaaaaaasdsdsdsaaaaaaaaaaaaaaaaaaaaaaaaaaaaaaaaaaaaaaaaaaaaaaaaaaaaaaaaaaaaaaaaaaaaaaaaaaaaaaaaaaaaaaaaaaaaaaaaaaasdsdsdsaaaaaaaaaaaaaaaaaaaaaaaaaaaaaaaaaaaaaaaaaaaaaaaaaaaaaaaaaaaaaaaaaaaaaaaaaaaaaaaaaaaaaaaaaaaaaaaaaaasdsdsdsaaaaaaaaaaaaaaaaaaaaaaaaaaaaaaaaaaaaaaaaaaaaaaaaaaaaaaaaaaaaaaaaaaaaaaaaaaaaaaaaaaaaaaaaaaaaaaaaaaasdsdsdsaaaaaaaaaaaaaaaaaaaaaaaaaaaaaaaaaaaaaaaaaaaaaaaaaaaaaaaaaaaaaaaaaaaaaaaaaaaaaaaaaaaaaaaaaaaaaaaaaaasdsdsdsaaaaaaaaaaaaaaaaaaaaaaaaaaaaaaaaaaaaaaaaaaaaaaaaaaaaaaaaaaaaaaaaaaaaaaaaaaaaaaaaaaaaaaaaaaaaaaaaaaasdsdsdsaaaaaaaaaaaaaaaaaaaaaaaaaaaaaaaaaaaaaaaaaaaaaaaaaaaaaaaaaaaaaaaaaaaaaaaaaaaaaaaaaaaaaaaaaaaaaaaaaaasdsdsdsaaaaaaaaaaaaaaaaaaaaaaaaaaaaaaaaaaaaaaaaaaaaaaaaaaaaaaaaaaaaaaaaaaaaaaaaaaaaaaaaaaaaaaaaaaaaaaaaaaasdsdsdsaaaaaaaaaaaaaaaaaaaaaaaaaaaaaaaaaaaaaaaaaaaaaaaaaaaaaaaaaaaaaaaaaaaaaaaaaaaaaaaaaaaaaaaaaaaaaaaaaaasdsdsdsaaaaaaaaaaaaaaaaaaaaaaaaaaaaaaaaaaaaaaaaaaaaaaaaaaaaaaaaaaaaaaaaaaaaaaaaaaaaaaaaaaaaaaaaaaaaaaaaaaasdsdsdsaaaaaaaaaaaaaaaaaaaaaaaaaaaaaaaaaaaaaaaaaaaaaaaaaaaaaaaaaaaaaaaaaaaaaaaaaaaaaaaaaaaaaaaaaaaaaaaaaaasdsdsdsaaaaaaaaaaaaaaaaaaaaaaaaaaaaaaaaaaaaaaaaaaaaaaaaaaaaaaaaaaaaaaaaaaaaaaaaaaaaaaaaaaaaaaaaaaaaaaaaaaasdsdsdsaaaaaaaaaaaaaaaaaaaaaaaaaaaaaaaaaaaaaaaaaaaaaaaaaaaaaaaaaaaaaaaaaaaaaaaaaaaaaaaaaaaaaaaaaaaaaaaaaaasdsdsdsaaaaaaaaaaaaaaaaaaaaaaaaaaaaaaaaaaaaaaaaaaaaaaaaaaaaaaaaaaaaaaaaaaaaaaaaaaaaaaaaaaaaaaaaaaaaaaaaaaasdsdsdsaaaaaaaaaaaaaaaaaaaaaaaaaaaaaaaaaaaaaaaaaaaaaaaaaaaaaaaaaaaaaaaaaaaaaaaaaaaaaaaaaaaaaaaaaaaaaaaaaaasdsdsdsaaaaaaaaaaaaaaaaaaaaaaaaaaaaaaaaaaaaaaaaaaaaaaaaaaaaaaaaaaaaaaaaaaaaaaaaaaaaaaaaaaaaaaaaaaaaaaaaaaasdsdsdsaasdsdsds', '', NULL, '14.413335220357', '121.04717284441', 40),
(108, 'Pan - Philippine Highway, Muntinlupa', 'Fifty Shades of Sasha Grey', '<script>alert(''Hello'')</script>', '2014-09-03 10:29:32', 'no-image.jpg', 1, '0000-00-00 00:00:00', NULL, 1, 'vehicle', 'length-limit.png', 0, '<script>alert(''Hello'')</script>', '', NULL, '14.412506524665', '121.04641914368', 10),
(109, 'Visayas Street, Muntinlupa', 'very long along', 'very lonnnnngggngngngngvery lonnnnngggngngngngvery lonnnnngggngngngngvery lonnnnngggngngngngvery lonnnnngggngngngngvery lonnnnngggngngngngvery lonnnnngggngngngngvery lonnnnngggngngngngvery lonnnnngggngngngngvery lonnnnngggngngngngvery lonnnnngggngngngngvery lonnnnngggngngngngvery lonnnnngggngngngngvery lonnnnngggngngngngvery lonnnnngggngngngngvery lonnnnngggngngngngvery lonnnnngggngngngngvery lonnnnngggngngngngvery lonnnnngggngngngngvery lonnnnngggngngngngvery lonnnnngggngngngngvery lonnnnngggngngngngvery lonnnnngggngngngngvery lonnnnngggngngngngvery lonnnnngggngngngngvery lonnnnngggngngngngvery lonnnnngggngngngngvery lonnnnngggngngngngvery lonnnnngggngngngngvery lonnnnngggngngngngvery lonnnnngggngngngngvery lonnnnngggngngngngvery lonnnnngggngngngngvery lonnnnngggngngngngvery lonnnnngggngngngngvery lonnnnngggngngngngvery lonnnnngggngngngngvery lonnnnngggngngngngvery lonnnnngggngngngngvery lonnnnngggngngngngvery lonnnnngggngngngngvery lonnnnngggngngngngvery lonnnnngggngngngngvery lonnnnngggngngngngvery lonnnnngggngngngngvery lonnnnngggngngngngvery lonnnnngggngngngngvery lonnnnngggngngngngvery lonnnnngggngngngngvery lonnnnngggngngngngvery lonnnnngggngngngngvery lonnnnngggngngngngvery lonnnnngggngngngngvery lonnnnngggngngngngvery lonnnnngggngngngngvery lonnnnngggngngngngvery lonnnnngggngngngngvery lonnnnngggngngngngvery lonnnnngggngngngngvery lonnnnngggngngngngvery lonnnnngggngngngngvery lonnnnngggngngngngvery lonnnnngggngngngngvery lonnnnngggngngngngvery lonnnnngggngngngngvery lonnnnngggngngngngvery lonnnnngggngngngngvery lonnnnngggngngngngvery lonnnnngggngngngngvery lonnnnngggngngngngvery lonnnnngggngngngngvery lonnnnngggngngngngvery lonnnnngggngngngngvery lonnnnngggngngngngvery lonnnnngggngngngngvery lonnnnngggngngngngvery lonnnnngggngngngngvery lonnnnngggngngngngvery lonnnnngggngngngngvery lonnnnngggngngngngvery lonnnnngggngngngngvery lonnnnngggngngngngvery lonnnnngggngngngngvery lonnnnngggngngngngvery lonnnnngggngngngngvery lonnnnngggngngngngvery lonnnnngggngngngngvery lonnnnngggngngngngvery lonnnnngggngngngngvery lonnnnngggngngngngvery lonnnnngggngngngngvery lonnnnngggngngngngvery lonnnnngggngngngngvery lonnnnngggngngngngvery lonnnnngggngngngngvery lonnnnngggngngngngvery lonnnnngggngngngngvery lonnnnngggngngngngvery lonnnnngggngngngngvery lonnnnngggngngngngvery lonnnnngggngngngng', '2014-09-03 10:40:00', 'church_2.jpg', 1, '0000-00-00 00:00:00', '0000-00-00 00:00:00', 1, 'road', 'construction-ongoing.png', 0, 'very lonnnnngggngngngngvery lonnnnngggngngngngvery lonnnnngggngngngngvery lonnnnngggngngngngvery lonnnnngggngngngngvery lonnnnngggngngngngvery lonnnnngggngngngngvery lonnnnngggngngngngvery lonnnnngggngngngngvery lonnnnngggngngngngvery lonnnnngggngngngngvery lonnnnngggngngngngvery lonnnnngggngngngngvery lonnnnngggngngngngvery lonnnnngggngngngngvery lonnnnngggngngngngvery lonnnnngggngngngngvery lonnnnngggngngngngvery lonnnnngggngngngngvery lonnnnngggngngngngvery lonnnnngggngngngngvery lonnnnngggngngngngvery lonnnnngggngngngngvery lonnnnngggngngngngvery lonnnnngggngngngngvery lonnnnngggngngngngvery lonnnnngggngngngngvery lonnnnngggngngngngvery lonnnnngggngngngngvery lonnnnngggngngngngvery lonnnnngggngngngngvery lonnnnngggngngngngvery lonnnnngggngngngngvery lonnnnngggngngngngvery lonnnnngggngngngngvery lonnnnngggngngngngvery lonnnnngggngngngngvery lonnnnngggngngngngvery lonnnnngggngngngngvery lonnnnngggngngngngvery lonnnnngggngngngngvery lonnnnngggngngngngvery lonnnnngggngngngngvery lonnnnngggngngngngvery lonnnnngggngngngngvery lonnnnngggngngngngvery lonnnnngggngngngngvery lonnnnngggngngngngvery lonnnnngggngngngngvery lonnnnngggngngngngvery lonnnnngggngngngngvery lonnnnngggngngngngvery lonnnnngggngngngngvery lonnnnngggngngngngvery lonnnnngggngngngngvery lonnnnngggngngngngvery lonnnnngggngngngngvery lonnnnngggngngngngvery lonnnnngggngngngngvery lonnnnngggngngngngvery lonnnnngggngngngngvery lonnnnngggngngngngvery lonnnnngggngngngngvery lonnnnngggngngngngvery lonnnnngggngngngngvery lonnnnngggngngngngvery lonnnnngggngngngngvery lonnnnngggngngngngvery lonnnnngggngngngngvery lonnnnngggngngngngvery lonnnnngggngngngngvery lonnnnngggngngngngvery lonnnnngggngngngngvery lonnnnngggngngngngvery lonnnnngggngngngngvery lonnnnngggngngngngvery lonnnnngggngngngngvery lonnnnngggngngngngvery lonnnnngggngngngngvery lonnnnngggngngngngvery lonnnnngggngngngngvery lonnnnngggngngngngvery lonnnnngggngngngngvery lonnnnngggngngngngvery lonnnnngggngngngngvery lonnnnngggngngngngvery lonnnnngggngngngngvery lonnnnngggngngngng', 'EL John', NULL, '14.412415601775', '121.04498952627', 50),
(110, 'Barrientos Street, Patnongon', 'test bug temp', '', '2014-09-03 11:01:23', 'no-image.jpg', 0, '2014-09-03 10:48:18', '2100-12-23 11:59:59', 1, 'road', 'falling-rocks.png', 0, '', '', NULL, '10.918585369309', '121.98651999235', 10),
(111, '513 Civic Prime Building Civic Drive, Muntinlupa', 'Church', '', '2014-09-03 11:10:16', 'accident_prone_area.jpg', 1, '0000-00-00 00:00:00', NULL, 1, 'road', 'construction-ongoing.png', 0, '', '', NULL, '14.412984518823', '121.04296982288', 10),
(114, 'Commonwealth Avenue, Quezon City', 'manggahan hazard', 'fadsfadsfasdfasdfadsf', '2014-09-03 15:14:37', 'images.jpg', 1, '0000-00-00 00:00:00', NULL, 1, 'road', 'construction-ongoing.png', 0, 'fad', '', NULL, '14.695477705599', '121.08753740788', 10),
(115, 'Kasunduan, Quezon City', 'sample hazard', 'sample info', '2014-09-04 10:05:39', 'images.jpg', 1, '0000-00-00 00:00:00', NULL, 1, 'road', 'construction-ongoing.png', 0, 'fadf', '', NULL, '14.69485503249', '121.08820796013', 10),
(116, 'Kasunduan, Quezon City', 'afsdfasdfadsfadsfa', 'adfasdfasdfasd', '2014-09-04 10:09:38', 'no-image.jpg', 1, '0000-00-00 00:00:00', NULL, 1, 'road', 'construction-ongoing.png', 0, 'dsfadsf', '', NULL, '14.694471049732', '121.08750522137', 10),
(117, 'Kasunduan, Quezon City', 'afsdfasdfadsfadsfa', 'adfasdfasdfasd', '2014-09-04 10:09:38', 'no-image.jpg', 1, '0000-00-00 00:00:00', NULL, 1, 'road', 'construction-ongoing.png', 0, 'dsfadsf', '', NULL, '14.694471049732', '121.08750522137', 10),
(118, 'Commonwealth Avenue, Quezon City', 'temporary hazard', 'hanggang 10:20', '2014-09-04 10:16:33', 'no-image.jpg', 0, '2014-09-04 10:03:13', '2014-09-04 10:20:45', 0, 'road', 'construction-ongoing.png', 0, 'fadfa', '', NULL, '14.692649717207', '121.08747571707', 10),
(119, 'Riverside Street, Quezon City', 'fadsfasd', '', '2014-09-04 10:39:18', 'images.jpg', 1, '0000-00-00 00:00:00', NULL, 1, 'road', 'construction-ongoing.png', 0, '', '', NULL, '14.693006460962', '121.08601659536', 10),
(120, '130 Kalayaan B, Quezon City', 'no parkingf', 'rqwerqewr', '2014-09-04 10:59:38', 'images.jpg', 1, '0000-00-00 00:00:00', NULL, 1, 'vehicle', 'no-parking.png', 0, 'dfasdfads', '', NULL, '14.691046309336', '121.09006136656', 10),
(121, 'Unnamed Road, Patnongon', 'asda asas das sa sa asd', '', '2014-09-04 12:08:16', 'show_markers.png', 1, '0000-00-00 00:00:00', NULL, 1, 'vehicle', 'no-parking.png', 0, '', '', NULL, '10.919072594849', '121.9840040803', 10),
(122, 'C.L. Montelibano Avenue, Bacolod', 'Johnsons', '~$#', '2014-09-04 14:02:15', 'no-image.jpg', 0, '2014-09-05 13:45:08', '2014-09-15 13:43:01', 0, 'misc', 'fire.png', 0, '~1', '', NULL, '10.679976037734', '122.96327590942', 30),
(123, 'Daniel Ramos Street, Bacolod', '~', '@#', '2014-09-04 15:13:53', 'no-image.jpg', 0, '2014-09-04 05:35:59', '2100-12-23 11:59:59', 1, 'road', 'falling-debris.png', 0, '0', '', NULL, '10.671921088846', '122.954877913', 10),
(124, 'Daniel Ramos Street, Bacolod', '~', '@#', '2014-09-04 15:13:56', 'no-image.jpg', 0, '2014-09-04 05:35:59', '2100-12-23 11:59:59', 1, 'road', 'falling-debris.png', 0, '0', '', NULL, '10.671921088846', '122.954877913', 10),
(125, 'Daniel Ramos Street, Bacolod', '~', '@#', '2014-09-04 15:14:10', 'no-image.jpg', 0, '2014-09-04 05:35:59', '2100-12-23 11:59:59', 1, 'road', 'falling-debris.png', 0, '0', '', NULL, '10.671921088846', '122.954877913', 10),
(126, 'Daniel Ramos Street, Bacolod', '~', '@#', '2014-09-04 15:14:12', 'no-image.jpg', 0, '2014-09-04 05:35:59', '2100-12-23 11:59:59', 1, 'road', 'falling-debris.png', 0, '0', '', NULL, '10.671921088846', '122.954877913', 10),
(127, 'Daniel Ramos Street, Bacolod', '~', '@#', '2014-09-04 15:14:21', 'no-image.jpg', 0, '2014-09-04 05:35:59', '2100-12-23 11:59:59', 1, 'road', 'falling-debris.png', 0, '0', '', NULL, '10.671921088846', '122.954877913', 10),
(128, 'Daniel Ramos Street, Bacolod', '~', '@#', '2014-09-04 15:14:50', 'no-image.jpg', 0, '2014-09-04 05:35:59', '2100-12-23 11:59:59', 1, 'road', 'falling-debris.png', 0, '0', '', NULL, '10.671921088846', '122.954877913', 10),
(129, 'Daniel Ramos Street, Bacolod', '~', '@#', '2014-09-04 15:15:11', 'no-image.jpg', 0, '2014-09-04 05:35:59', '2100-12-23 11:59:59', 1, 'road', 'falling-debris.png', 0, '0', '', NULL, '10.671921088846', '122.954877913', 10),
(130, 'Daniel Ramos Street, Bacolod', '~', '@#', '2014-09-04 15:15:34', 'no-image.jpg', 0, '2014-09-04 05:35:59', '2100-12-23 11:59:59', 1, 'road', 'falling-debris.png', 0, '0', '', NULL, '10.671921088846', '122.954877913', 10),
(135, 'Daniel Ramos Street, Bacolod', '~ 2345456757868678787', '@#', '2014-09-04 15:17:47', 'no-image.jpg', 0, '2014-09-04 05:35:59', '2014-09-04 14:51:34', 0, 'road', 'falling-debris.png', 0, '0uiuyugfgj', '', NULL, '10.671921088846', '122.954877913', 10),
(136, 'Daniel Ramos Street, Bacolod', '~ 2345456757868678787', '@#', '2014-09-04 15:17:57', 'stock-vector-cake-and-pastry-vector-illustrations-lemon-meringue-lemon-cupcake-apple-pie-and-chocolate-fudge-97465787.jpg', 0, '2014-09-04 05:35:59', '2014-09-04 14:51:34', 0, 'road', 'falling-debris.png', 0, '0uiuyugfgj', '', NULL, '10.671921088846', '122.954877913', 10),
(137, '', '', '', '2014-09-04 15:30:56', 'no-image.jpg', 0, '0000-00-00 00:00:00', '0000-00-00 00:00:00', 0, '', 'other.png', 0, '', '', NULL, '', '', 0),
(138, '', '', '', '2014-09-04 15:30:56', 'no-image.jpg', 0, '0000-00-00 00:00:00', '0000-00-00 00:00:00', 0, '', 'other.png', 0, '', '', NULL, '', '', 0),
(139, '', '', '', '2014-09-04 15:30:56', 'no-image.jpg', 0, '0000-00-00 00:00:00', '0000-00-00 00:00:00', 0, '', 'other.png', 0, '', '', NULL, '', '', 0),
(140, '', '', '', '2014-09-04 15:30:57', 'no-image.jpg', 0, '0000-00-00 00:00:00', '0000-00-00 00:00:00', 0, '', 'other.png', 0, '', '', NULL, '', '', 0),
(141, '', '', '', '2014-09-04 15:30:58', 'no-image.jpg', 0, '0000-00-00 00:00:00', '0000-00-00 00:00:00', 0, '', 'other.png', 0, '', '', NULL, '', '', 0),
(142, 'Pureza, Santa Mesa', 'as', '', '2014-09-04 16:39:44', 'checkpoint.jpg', 1, '0000-00-00 00:00:00', '0000-00-00 00:00:00', 0, 'misc', 'bicycle-crossing.png', 0, '', 'EL John Chandragupta Haba PAngalan di ba Orakol ye', NULL, '14.598519134918', '121.00482076406', 10),
(143, 'Radial Road 3, Muntinlupa', 'New hazard pwede script', '', '2014-09-05 10:37:39', 'no-image.jpg', 1, '0000-00-00 00:00:00', '0000-00-00 00:00:00', 1, 'road', 'construction-ongoing.png', 0, '', 'EL John Chandragupta Haba PAngalan di ba Orakol ye', NULL, '14.414831540847', '121.04546159506', 20),
(146, 'Barrientos Street, Patnongon', '', 'das dasdasd', '2014-09-05 15:41:24', 'site_show.png', 1, '0000-00-00 00:00:00', '0000-00-00 00:00:00', 1, 'road', 'loose-chippings.png', 0, 'asdas', 'EL John Chandragupta Haba PAngalan di ba Orakol ye', NULL, '10.916275646058', '121.98477387428', 10),
(147, '5th Street, Muntinlupa', 'ASD', '', '2014-09-05 15:46:00', 'hospital_1.jpg', 1, '0000-00-00 00:00:00', '0000-00-00 00:00:00', 0, 'road', 'construction-ongoing.png', 0, '', 'EL John Chandragupta Haba PAngalan di ba Orakol ye', NULL, '14.41258705641', '121.04805797338', 10),
(148, 'Jesus Street, Pandacan', 'Up Hill Battle', 'Some useless info here', '2014-09-08 14:48:01', 'no-image.jpg', 0, '2014-09-08 14:35:24', '2014-09-08 14:35:35', 0, 'road', 'steep-climb-ahead.png', 0, 'Shoot the enemies', '', NULL, '14.592440117123', '121.00541353226', 10),
(149, '5th Street, Muntinlupa', 'Titulo', '', '2014-09-08 15:40:43', 'no-image.jpg', 1, '0000-00-00 00:00:00', NULL, 1, 'road', 'construction-ongoing.png', 0, '', '', NULL, '14.414288606271', '121.04759395123', 10),
(150, 'Kalayaan A, Quezon City', 'edited hazard', 'edited', '2014-09-09 10:47:41', '116502-o.jpg', 0, '2014-09-09 10:29:40', '2014-09-24 10:59:59', 0, 'vehicle', 'no-trucks.png', 0, 'renamed', 'Lex', NULL, '14.6912772216', '121.0878431797', 20),
(151, 'Kalayaan A, Quezon City', 'fadsfadsfasdf', 'adfasdfadsf', '2014-09-09 10:52:49', 'no-image.jpg', 0, '2014-09-09 10:39:21', '2014-09-09 10:59:59', 0, 'vehicle', 'no-parking.png', 0, 'adsfasdf', '', NULL, '14.690823180512', '121.08901262283', 10),
(152, 'Barrientos Street, Patnongon', 'test', '', '2014-09-09 13:34:06', 'no-image.jpg', 0, '2014-09-09 13:20:57', '2014-09-09 20:19:45', 0, 'road', 'loose-chippings.png', 0, '', '', NULL, '10.917437094028', '121.98588162661', 10),
(153, 'Jasmin Street, Quezon City', 'sample hazard using mozilla', 'ljlkafjadlskfjaskfd', '2014-09-09 15:26:50', 'no-image.jpg', 1, '0000-00-00 00:00:00', NULL, 1, 'road', 'construction-ongoing.png', 0, 'lkjfkals;d', '', NULL, '14.691329112021', '121.08335584402', 10);

-- --------------------------------------------------------

--
-- Table structure for table `info_tb`
--

CREATE TABLE IF NOT EXISTS `info_tb` (
  `info_id` int(11) NOT NULL AUTO_INCREMENT,
  `location` text NOT NULL,
  `latitude` text NOT NULL,
  `longtitude` text NOT NULL,
  `title` text NOT NULL,
  `information` text NOT NULL,
  `created_date` datetime NOT NULL,
  PRIMARY KEY (`info_id`)
) ENGINE=InnoDB DEFAULT CHARSET=latin1 AUTO_INCREMENT=1 ;

-- --------------------------------------------------------

--
-- Table structure for table `site_latlng_tb`
--

CREATE TABLE IF NOT EXISTS `site_latlng_tb` (
  `site_id` int(11) NOT NULL,
  `latitude` varchar(100) NOT NULL,
  `longitude` varchar(100) NOT NULL
) ENGINE=InnoDB DEFAULT CHARSET=latin1;

--
-- Dumping data for table `site_latlng_tb`
--

INSERT INTO `site_latlng_tb` (`site_id`, `latitude`, `longitude`) VALUES
(1, '18.558346427282', '121.23637720942'),
(1, '18.558179878108', '121.23620152473'),
(1, '18.558037484791', '121.23636111617'),
(1, '18.558226918731', '121.23653009534'),
(2, '18.355132690615', '121.64091534913'),
(2, '18.355020041317', '121.64095155895'),
(2, '18.354981855098', '121.64103135467'),
(2, '18.35505790931', '121.6410702467'),
(2, '18.355144146471', '121.6410702467'),
(3, '14.672787905517', '121.06436312199'),
(3, '14.672746389717', '121.06490492821'),
(3, '14.672050998896', '121.06479227543'),
(3, '14.672118462282', '121.06429874897'),
(4, '18.23988277358', '121.68164670467'),
(4, '18.239398759337', '121.68154478073'),
(4, '18.239286671635', '121.68227434158'),
(4, '18.240020335277', '121.68208658695'),
(5, '15.89963978224', '120.58874577284'),
(5, '15.899466949245', '120.58885842562'),
(5, '15.899288956901', '120.58858215809'),
(5, '15.899580451527', '120.58845877647'),
(6, '18.191678536143', '121.66265130043'),
(6, '18.191426269582', '121.66261643171'),
(6, '18.191446654772', '121.66313141584'),
(6, '18.191693825014', '121.66294902563'),
(7, '14.18692508014', '122.39687919617'),
(7, '14.186800260659', '122.39344596863'),
(7, '14.182930822657', '122.39344596863'),
(7, '14.183471715811', '122.39705085754'),
(8, '18.154657065721', '121.60928741097'),
(8, '18.154579967959', '121.60925723612'),
(8, '18.154518162291', '121.60936385393'),
(8, '18.154657065721', '121.60940811038'),
(9, '14.409638538752', '121.0128057003'),
(9, '14.409150146132', '121.01383566856'),
(9, '14.408495490518', '121.01335287094'),
(10, '9.2574649912416', '125.96859186888'),
(10, '9.2570228961461', '125.9680634737'),
(10, '9.2565305021517', '125.96843630075'),
(10, '9.2569858342565', '125.96902906895'),
(11, '13.147877738767', '123.71171146631'),
(11, '13.147969155188', '123.71190994978'),
(11, '13.14754602747', '123.71199846268'),
(12, '7.0827293027909', '125.61241328716'),
(12, '7.0826900421024', '125.61213098466'),
(12, '7.0822947732895', '125.61219401658'),
(12, '7.0823227216005', '125.61246357858'),
(13, '13.754735956726', '121.06993675232'),
(13, '13.754689061505', '121.07078433037'),
(13, '13.753938736704', '121.07074677944'),
(13, '13.753844945935', '121.07000112534'),
(14, '7.8369824572804', '123.42697620392'),
(14, '7.8368017705464', '123.42703923583'),
(14, '7.8368402993419', '123.42718675733'),
(14, '7.8370236432161', '123.42716664076'),
(15, '7.0826840531835', '125.61213031411'),
(15, '7.0826840531835', '125.61213031411'),
(15, '7.0823034239574', '125.61219871044'),
(15, '7.0823034239574', '125.61219871044'),
(15, '7.0823460118584', '125.61251387'),
(15, '7.0823460118584', '125.61251387'),
(15, '7.0827359571445', '125.61246290803'),
(15, '7.0827359571445', '125.61246290803'),
(16, '9.2566919862797', '125.96946761012'),
(16, '9.2566919862797', '125.96946761012'),
(16, '9.2565860950566', '125.96932411194'),
(16, '9.2565860950566', '125.96932411194'),
(16, '9.2564682910335', '125.96941396594'),
(16, '9.2564682910335', '125.96941396594'),
(16, '9.2566271279093', '125.96953466535'),
(16, '9.2566271279093', '125.96953466535'),
(17, '10.787168696838', '122.01900959015'),
(17, '10.786836710317', '122.01924026012'),
(17, '10.786657542835', '122.01871454716'),
(18, '10.691913100518', '122.57406592369'),
(18, '10.691681163831', '122.57426977158'),
(18, '10.691557288483', '122.57403641939'),
(18, '10.691720698506', '122.57384061813'),
(19, '11.607112547695', '122.72008538246'),
(19, '11.606849811711', '122.72193074226'),
(19, '11.60574631788', '122.72151231766'),
(20, '6.9097584652741', '122.07231044769'),
(20, '6.9099714834479', '122.07258403301'),
(20, '6.9094708905873', '122.07285225391'),
(20, '6.9093484050194', '122.07260549068'),
(21, '6.110194842085', '125.1730298996'),
(21, '6.110530880381', '125.17306745052'),
(21, '6.1102641833379', '125.17349660397'),
(21, '6.1100774953287', '125.1734161377'),
(24, '9.0996389828914', '126.16089820862'),
(24, '9.0975414020558', '126.16130590439'),
(24, '9.0974778388081', '126.15984678268'),
(24, '9.0991940425297', '126.1595249176'),
(25, '14.461781278589', '120.96000105143'),
(25, '14.46179945914', '120.96013784409'),
(25, '14.460937179927', '120.96017807722'),
(25, '14.460906013146', '120.95985352993'),
(25, '14.461002110707', '120.95950752497'),
(25, '14.46122027799', '120.9594592452'),
(25, '14.461274819777', '120.95959335566'),
(25, '14.461089117923', '120.95970332623'),
(25, '14.46104821155', '120.95999971032'),
(25, '14.461428056154', '120.96000373363'),
(26, '14.414532797204', '121.04631721973'),
(26, '14.414828943153', '121.04713797569'),
(26, '14.413821006207', '121.04719698429'),
(27, '14.413400165206', '121.04507267475'),
(27, '14.413836592896', '121.0456520319'),
(27, '14.413285862575', '121.04566276073'),
(28, '14.413857375145', '121.04498147964'),
(28, '14.413945699685', '121.04538917542'),
(28, '14.413233906814', '121.04539453983'),
(29, '14.413135190835', '121.04600608349'),
(29, '14.41323910239', '121.0461884737'),
(29, '14.41291697641', '121.04627966881'),
(29, '14.412839042635', '121.04611873627'),
(31, '10.670760009582', '122.95842915773'),
(31, '10.670607131594', '122.95847207308'),
(31, '10.670769234975', '122.95852303505'),
(37, '14.769306361541', '120.95267057419'),
(37, '14.769467164004', '120.95324993134'),
(37, '14.768629433737', '120.95378100872'),
(37, '14.768424539465', '120.95330893993'),
(38, '14.704534805766', '121.08319759369'),
(38, '14.704534805766', '121.08319759369'),
(38, '14.700881915756', '121.08336925507'),
(38, '14.700881915756', '121.08336925507'),
(38, '14.701961185073', '121.08770370483'),
(38, '14.701961185073', '121.08770370483'),
(40, '14.70843668895', '121.06444358826'),
(40, '14.704161217548', '121.06401443481'),
(40, '14.707274433167', '121.06920719147'),
(41, '14.70598764276', '121.06817722321'),
(41, '14.703663098929', '121.06809139252'),
(41, '14.70499141272', '121.07135295868'),
(42, '14.714590315086', '121.05814576149'),
(42, '14.713822418434', '121.05788826942'),
(42, '14.713573370291', '121.05896115303'),
(43, '14.702064960688', '121.0671043396'),
(43, '14.700363034377', '121.06708288193'),
(43, '14.700155481481', '121.06957197189'),
(44, '14.702168736254', '121.08328342438'),
(44, '14.701110223172', '121.08306884766'),
(44, '14.70106871275', '121.08439922333'),
(45, '14.704700844769', '121.07761859894'),
(45, '14.701919674814', '121.07779026031'),
(45, '14.703081959104', '121.08062267303'),
(46, '14.706776321651', '121.07384204865'),
(46, '14.704534805766', '121.07392787933'),
(46, '14.705904623764', '121.07753276825'),
(47, '14.414958831603', '121.04464888573'),
(47, '14.415203021685', '121.04531407356'),
(47, '14.414569166026', '121.04528725147'),
(48, '14.69485243808', '121.08815968037'),
(48, '14.695028862338', '121.08854055405'),
(48, '14.695127452302', '121.08815431595'),
(49, '14.694193440328', '121.08016133308'),
(49, '14.693835401346', '121.08015596867'),
(49, '14.693985881569', '121.08056366444'),
(50, '14.690031849565', '121.0766261816'),
(50, '14.689741261714', '121.07663691044'),
(50, '14.689870988481', '121.07694804668'),
(39, '14.706402737269', '121.07524752617'),
(39, '14.704565938089', '121.07399225235'),
(39, '14.703798006167', '121.07580542564'),
(39, '14.706158869341', '121.07794046402'),
(51, '14.751752242015', '120.96025049686'),
(51, '14.75172435868', '120.96024982631'),
(51, '14.75172435868', '120.9602766484'),
(51, '14.751752242015', '120.96027731895'),
(52, '14.596728152776', '120.99981844425'),
(52, '14.596427058693', '121.00038707256'),
(52, '14.596100007758', '120.99983453751'),
(53, '10.47540530816', '122.90954589844'),
(53, '10.469497241205', '122.91606903076'),
(53, '10.479625287027', '122.91709899902'),
(54, '10.47540530816', '122.90954589844'),
(54, '10.469497241205', '122.91606903076'),
(54, '10.479625287027', '122.91709899902'),
(55, '10.47540530816', '122.90954589844'),
(55, '10.469497241205', '122.91606903076'),
(55, '10.479625287027', '122.91709899902'),
(59, '14.414085979764', '121.04414999485'),
(59, '14.414215868647', '121.04466497898'),
(59, '14.413701508226', '121.04468643665'),
(60, '14.413758659443', '121.04402124882'),
(60, '14.414111957546', '121.04458987713'),
(60, '14.413446925357', '121.0445523262'),
(63, '14.412797477944', '121.04272842407'),
(63, '14.413083235039', '121.04317367077'),
(63, '14.412516916077', '121.04317903519'),
(66, '14.414995200356', '121.04410171509'),
(66, '14.415182239561', '121.04459524155'),
(66, '14.414891289619', '121.04450941086'),
(68, '14.416200561367', '121.04390859604'),
(68, '14.416455141091', '121.04439139366'),
(68, '14.416081064661', '121.04439139366'),
(69, '14.416262907449', '121.04277670383'),
(69, '14.416631788076', '121.04307174683'),
(69, '14.416216147889', '121.0431843996'),
(71, '14.414802965454', '121.04324877262'),
(71, '14.415041960172', '121.04391396046'),
(71, '14.414553579389', '121.04372620583'),
(72, '14.692953273815', '121.0865932703'),
(72, '14.692724957873', '121.08658254147'),
(72, '14.692833926875', '121.08713507652'),
(73, '14.924574245875', '120.84963552654'),
(73, '14.924419390156', '120.84964290261'),
(73, '14.924414854631', '120.8494464308'),
(73, '14.924557399652', '120.84945581853'),
(74, '14.690363949493', '121.08951687813'),
(74, '14.689829475924', '121.08960270882'),
(74, '14.690068173019', '121.09013915062');

-- --------------------------------------------------------

--
-- Table structure for table `site_tb`
--

CREATE TABLE IF NOT EXISTS `site_tb` (
  `site_id` int(11) NOT NULL AUTO_INCREMENT,
  `site_name` varchar(100) NOT NULL,
  `site_img` varchar(100) NOT NULL,
  `site_photo` varchar(100) NOT NULL,
  `hazard_icon` varchar(100) NOT NULL,
  `site_location` varchar(100) NOT NULL,
  `created_by` varchar(100) NOT NULL,
  `created_date` timestamp NOT NULL DEFAULT CURRENT_TIMESTAMP ON UPDATE CURRENT_TIMESTAMP,
  `active` tinyint(1) NOT NULL DEFAULT '1',
  `site_information` text NOT NULL,
  `site_region` text NOT NULL,
  `center_latitude` varchar(200) NOT NULL,
  `center_longitude` varchar(200) NOT NULL,
  `status` int(11) NOT NULL,
  `speed_limit` int(11) NOT NULL,
  `last_update_by` varchar(100) NOT NULL,
  `start_date` datetime NOT NULL,
  `end_date` datetime DEFAULT NULL,
  PRIMARY KEY (`site_id`)
) ENGINE=InnoDB  DEFAULT CHARSET=latin1 AUTO_INCREMENT=75 ;

--
-- Dumping data for table `site_tb`
--

INSERT INTO `site_tb` (`site_id`, `site_name`, `site_img`, `site_photo`, `hazard_icon`, `site_location`, `created_by`, `created_date`, `active`, `site_information`, `site_region`, `center_latitude`, `center_longitude`, `status`, `speed_limit`, `last_update_by`, `start_date`, `end_date`) VALUES
(1, 'Sanchez Mira Site', 'site_sanchezMira.jpg', 'lamuan_shell_station.jpg', 'site.png', 'Pan-Philippine Highway, Sanchez Mira', 'Dan', '2014-08-12 07:48:35', 1, '', 'Cagayan Valley', '18.558191956037', '121.23636581004', 1, 0, '', '0000-00-00 00:00:00', '0000-00-00 00:00:00'),
(2, 'Aparri Rizal Street Site', 'img_4397.jpg', 'lamuan_shell_station.jpg', 'site.png', 'Rizal Street, Aparri', 'Dan', '2014-08-12 07:48:35', 1, '', 'Cagayan Valley', '18.355063000785', '121.64099279791', 1, 0, '', '0000-00-00 00:00:00', '0000-00-00 00:00:00'),
(3, 'Site 1 Congressional Ave', 'site_1.jpg', 'lamuan_shell_station.jpg', 'site.png', 'C-5, Quezon City', 'EL John', '2014-08-12 07:48:35', 1, '', 'NCR', '14.672419452206', '121.06460183859', 1, 0, '', '0000-00-00 00:00:00', '0000-00-00 00:00:00'),
(4, 'Lal-lo Cagayan Valley Road Site', 'SHELL-STATION-FOR-WEB-300x196.jpg', 'lamuan_shell_station.jpg', 'site.png', 'Cagayan Valley Road, Lal-lo', 'Dan', '2014-08-12 07:48:35', 1, '', 'Cagayan Valley', '18.239653503456', '121.68190956116', 1, 0, '', '0000-00-00 00:00:00', '0000-00-00 00:00:00'),
(5, 'Site 2 McArthur Hwy', 'site_2.jpg', 'lamuan_shell_station.jpg', 'site.png', 'MacArthur Highway, Villasis', 'EL John', '2014-08-12 07:48:35', 1, '', 'Ilocos Region', '15.89946436957', '120.58865860105', 1, 0, '', '0000-00-00 00:00:00', '0000-00-00 00:00:00'),
(6, '125 Cagayan Valley Site', 'Pike_and_Broadway_Shell.jpg', 'lamuan_shell_station.jpg', 'site.png', '125 Cagayan Valley Road, Lal-lo 3509', 'Dan', '2014-08-12 07:48:35', 1, '', 'PH', '18.191560047298', '121.66287392378', 1, 0, '', '0000-00-00 00:00:00', '0000-00-00 00:00:00'),
(7, 'Site 3 Bicol', 'site_3.jpg', 'lamuan_shell_station.jpg', 'site.png', 'Pan - Philippine Highway, Santa Elena', 'EL John', '2014-08-12 07:48:35', 1, '', 'Bicol', '14.184927951398', '122.39524841309', 1, 0, '', '0000-00-00 00:00:00', '0000-00-00 00:00:00'),
(8, 'Lal-lo Pan Philippine Highway', 'images.jpg', 'lamuan_shell_station.jpg', 'site.png', 'Pan-Philippine Highway, Lal-lo', 'Dan', '2014-08-12 07:48:35', 1, '', 'Cagayan Valley', '18.154587614006', '121.60933267325', 1, 0, '', '0000-00-00 00:00:00', '0000-00-00 00:00:00'),
(9, 'Site 4 Alabang', 'site_4.jpg', 'lamuan_shell_station.jpg', 'site.png', 'Daang Hari Road, Las Pinas', 'EL John', '2014-08-12 07:48:35', 1, '', 'NCR', '14.409067014635', '121.01332068443', 1, 0, '', '0000-00-00 00:00:00', '0000-00-00 00:00:00'),
(11, 'Site 5 Legaspi', 'site_5.jpg', 'lamuan_shell_station.jpg', 'site.png', 'Pan - Philippine Highway, Daraga', 'EL John', '2014-08-12 07:48:35', 1, '', 'Bicol', '13.147757591329', '123.71185496449', 1, 0, '', '0000-00-00 00:00:00', '0000-00-00 00:00:00'),
(13, 'Site 6 Batangas', 'site_6.jpg', 'lamuan_shell_station.jpg', 'site.png', 'Batangas-Tabangao-Lobo Road, Batangas', 'EL John', '2014-08-12 07:48:35', 1, '', 'Calabarzon', '13.75429045133', '121.07036054134', 1, 0, '', '0000-00-00 00:00:00', '0000-00-00 00:00:00'),
(14, 'Pagadian city Site', 'photo-900x500.jpg', 'lamuan_shell_station.jpg', 'site.png', 'Pan - Philippine Highway, Pagadian City', 'Dan', '2014-08-12 07:48:35', 1, '', 'Zamboanga Peninsula', '7.8369127068813', '123.42708148062', 1, 0, '', '0000-00-00 00:00:00', '0000-00-00 00:00:00'),
(15, 'J.P Laurel Davao Site', 'SAM_1120.jpg', 'lamuan_shell_station.jpg', 'site.png', 'J.P. Laurel Avenue, Davao City', 'Dan', '2014-08-12 07:48:35', 1, '', 'Davao Region', '7.0825196905509', '125.61232209206', 1, 0, '', '0000-00-00 00:00:00', '0000-00-00 00:00:00'),
(16, 'Surigao Davao Site', 'Shell Service Station.jpg', 'lamuan_shell_station.jpg', 'site.png', 'Surigao-Davao Coastal Road, Madrid', 'Dan', '2014-08-12 07:48:35', 1, '', 'Caraga', '9.2565801386566', '125.96942938864', 1, 0, '', '0000-00-00 00:00:00', '0000-00-00 00:00:00'),
(17, 'Site 7 Sibalom', 'site_7.jpg', 'lamuan_shell_station.jpg', 'site.png', 'Fenete Street, Sibalom', 'EL John', '2014-08-12 07:48:35', 1, '', 'Western Visayas', '10.786913119837', '122.01897740364', 1, 0, '', '0000-00-00 00:00:00', '0000-00-00 00:00:00'),
(18, 'Site 8 Iloilo', 'site_8.jpg', 'lamuan_shell_station.jpg', 'site.png', 'Ramon Muzones Street, Iloilo City', 'EL John', '2014-08-12 07:48:35', 1, '', 'Western Visayas', '10.6917351945', '122.57405519485', 1, 0, '', '0000-00-00 00:00:00', '0000-00-00 00:00:00'),
(19, 'Site 9 Roxas', 'site_9.jpg', 'lamuan_shell_station.jpg', 'site.png', 'Cadimahan Road, Roxas City', 'EL John', '2014-08-12 07:48:35', 1, '', 'Western Visayas', '11.606429432787', '122.72100806236', 1, 0, '', '0000-00-00 00:00:00', '0000-00-00 00:00:00'),
(20, 'Site 10 Zamboanga', 'site_10.jpg', 'lamuan_shell_station.jpg', 'site.png', 'Governor Alvarez Avenue, Zamboanga', 'EL John', '2014-08-12 07:48:35', 1, '', 'Zamboanga Peninsula', '6.9096599442336', '122.0725813508', 1, 0, '', '0000-00-00 00:00:00', '0000-00-00 00:00:00'),
(21, 'Site 11 General Santos', 'site_11.jpg', 'lamuan_shell_station.jpg', 'site.png', 'Beatiles Street, General Santos', 'EL John', '2014-08-12 07:48:35', 1, '', 'SOCCSKSARGEN', '6.1103041878548', '125.17326325178', 1, 0, '', '0000-00-00 00:00:00', '0000-00-00 00:00:00'),
(24, 'EMCOR Site', 'no-image.jpg', '', 'site.png', 'Surigao - Davao Coastal Road, Tandag City', 'EL John', '2014-08-12 07:48:35', 1, '', 'Caraga', '9.0985584108498', '126.160415411', 1, 0, '', '0000-00-00 00:00:00', '0000-00-00 00:00:00'),
(25, 'EJ Site', 'a8wre0o_700b_v1.jpg', 'ad0wyaw_460s_v1.jpg', 'site.png', 'Aguinaldo Boulevard, Bacoor City', 'EL John', '2014-08-12 07:48:35', 1, 'EJ Site', 'Calabarzon', '14.461254041511', '120.96007615328', 0, 0, 'EL John', '2014-08-08 15:42:00', '2014-08-27 15:42:00'),
(26, 'Site ko to', 'ad0wyaw_460s_v1_(2).jpg', '', 'site.png', 'Pan - Philippine Highway, Muntinlupa', 'EL John', '2014-08-12 07:48:35', 1, '', 'NCR', '14.41432497468', '121.04675710201', 0, 0, '', '2014-08-26 11:04:00', '2014-08-26 11:04:00'),
(27, 'Site ko po', 'ad0wyaw_460s_v1.jpg', '', 'site.png', 'Pan - Philippine Highway, Muntinlupa', 'EL John', '2014-08-11 04:00:52', 1, '', 'NCR', '14.413561227735', '121.04536771774', 1, 0, '', '0000-00-00 00:00:00', NULL),
(28, 'Site title', 'ad0wyaw_460s_v1.jpg', 'a8wre0o_700b_v1.jpg', 'site.png', 'Radial Road 3, Muntinlupa', 'EL John', '2014-08-12 07:48:35', 1, '', 'NCR', '14.413589803249', '121.04518800974', 1, 0, '', '0000-00-00 00:00:00', NULL),
(29, 'Yrah site', 'no-image.jpg', '', 'site.png', 'Pan - Philippine Highway, Muntinlupa', 'EL John', '2014-08-12 07:56:22', 1, '', 'NCR', '14.413039072513', '121.04614287615', 1, 0, '', '0000-00-00 00:00:00', NULL),
(31, 'same time', 'no-image.jpg', 'no-image.jpg', 'site.png', 'L N Agustin Drive, Bacolod', 'Victoria', '2014-08-29 06:23:16', 1, '', 'Western Visayas', '10.670671709278', '122.95848011971', 1, 0, 'Victoria', '0000-00-00 00:00:00', '0000-00-00 00:00:00'),
(37, 'Jake Site Marilao', 'chibiterasu.jpg', 'battlecity.jpg', 'site.png', 'Unnamed Road, Marilao', 'John-Kevin', '2014-09-01 09:14:06', 1, '', 'Central Luzon', '14.768943258172', '120.95323383808', 1, 0, 'John-Kevin', '0000-00-00 00:00:00', '0000-00-00 00:00:00'),
(38, 'mahal kong maynila', 'download.jpg', 'images.jpg', 'site.png', 'Don Fabian, Quezon City', 'Dan', '2014-09-01 09:45:27', 1, 'fasdfasd', 'NCR', '14.702708360761', '121.08545064926', 0, 0, '', '0000-00-00 00:00:00', NULL),
(39, 'Sites Depot', 'images.jpg', 'images.jpg', 'site.png', 'Commonwealth Avenue, Novaliches', 'Dan', '2014-09-04 04:00:04', 1, 'kjhihihuhjkhkjhjkhjkh', 'NCR', '14.705468767966', '121.07583761215', 1, 0, 'Divibs', '0000-00-00 00:00:00', '0000-00-00 00:00:00'),
(40, 'nova site', 'images.jpg', 'no-image.jpg', 'site.png', 'Commonwealth Avenue, Novaliches', 'Dan', '2014-09-02 03:27:44', 1, 'afasd', 'NCR', '14.706298953249', '121.06661081314', 0, 0, '', '0000-00-00 00:00:00', NULL),
(41, 'regalado site', 'images.jpg', 'images.jpg', 'site.png', 'Regalado Avenue, Novaliches', 'Dan', '2014-09-02 03:29:36', 1, '', 'NCR', '14.704825370845', '121.0697221756', 0, 0, '', '0000-00-00 00:00:00', NULL),
(42, 'tests', 'no-image.jpg', 'no-image.jpg', 'site.png', 'Commonwealth Avenue, Novaliches', 'Dan', '2014-09-02 03:29:45', 1, '', 'NCR', '14.714081842689', '121.05842471123', 0, 0, '', '0000-00-00 00:00:00', NULL),
(43, 'sdfsf sdfsdfsd', 'no-image.jpg', 'no-image.jpg', 'site.png', 'Regalado Avenue, Novaliches', 'Dan', '2014-09-02 03:32:53', 1, '', 'NCR', '14.701110221085', '121.06832742691', 0, 0, '', '0000-00-00 00:00:00', NULL),
(44, 'don fabian site', 'no-image.jpg', 'no-image.jpg', 'site.png', 'Don Fabian, Quezon City', 'Dan', '2014-09-02 03:34:20', 1, 'fasdf', 'NCR', '14.701618724502', '121.08373403549', 0, 0, '', '0000-00-00 00:00:00', NULL),
(45, 'fadsfasdf', 'no-image.jpg', 'no-image.jpg', 'site.png', 'Don Jose Avenue, Quezon City', 'Dan', '2014-09-02 03:40:08', 1, '', 'NCR', '14.703310259791', '121.07912063599', 0, 0, '', '0000-00-00 00:00:00', NULL),
(46, 'qewrqwerwe', 'no-image.jpg', 'no-image.jpg', 'site.png', 'Commonwealth Avenue, Novaliches', 'Dan', '2014-09-02 03:44:48', 1, '', 'NCR', '14.705655563709', '121.07568740845', 0, 0, '', '0000-00-00 00:00:00', NULL),
(47, 'Sample Site Upload ajejejej :333 NO PICS UPDATED', 'loading.gif', 'moving.gif', 'site.png', 'Radial Road 3, Muntinlupa', 'EL John', '2014-09-03 01:33:46', 1, 'asdasd', 'NCR', '14.414886093855', '121.04498147964', 1, 0, 'EL John', '0000-00-00 00:00:00', '0000-00-00 00:00:00'),
(48, 'kasunduan site', 'images.jpg', 'travel1.jpg', 'site.png', 'Kasunduan, Quezon City', 'Divibs', '2014-09-03 07:25:01', 1, 'kadsjlfsdfasdfasdfdasfasd', 'NCR', '14.694989945191', '121.088347435', 0, 0, '', '0000-00-00 00:00:00', NULL),
(49, 'fadsfadsf', 'no-image.jpg', 'no-image.jpg', 'site.png', 'Lawin Street, Novaliches', 'Divibs', '2014-09-04 02:36:40', 1, '', 'NCR', '14.694014420837', '121.08035981655', 0, 0, '', '0000-00-00 00:00:00', NULL),
(50, 'fadfasd', 'no-image.jpg', 'no-image.jpg', 'site.png', 'Juan Ortega, Quezon City', 'Divibs', '2014-09-04 02:38:17', 1, '', 'NCR', '14.689886555639', '121.07678711414', 0, 0, '', '0000-00-00 00:00:00', NULL),
(51, 'Jake Site 2 Marilao', '20120826_00008.jpg', 'battlecity.jpg', 'site.png', 'Cattleya, Marilao', 'John-Kevin', '2014-09-04 06:23:24', 1, '', 'Central Luzon', '14.751738300347', '120.96026357263', 0, 0, '', '0000-00-00 00:00:00', NULL),
(52, ' Site sa gitna ng pasig river', 'no-image.jpg', 'no-image.jpg', 'site.png', 'Lacson Avenue, Santa Mesa', 'jane', '2014-09-04 08:34:46', 1, ' May space sa unahan ung title at information', 'NCR', '14.596414080267', '121.00010275841', 0, 0, '', '0000-00-00 00:00:00', NULL),
(53, '-', 'no-image.jpg', 'no-image.jpg', 'site.png', 'Bago-Maao Road, Bago City', 'Victoria', '2014-09-04 08:47:14', 1, '.', 'Western Visayas', '10.474561264116', '122.91332244873', 0, 0, '', '0000-00-00 00:00:00', NULL),
(54, '-', 'no-image.jpg', 'no-image.jpg', 'site.png', 'Bago-Maao Road, Bago City', 'Victoria', '2014-09-04 08:47:15', 1, '.', 'Western Visayas', '10.474561264116', '122.91332244873', 0, 0, '', '0000-00-00 00:00:00', NULL),
(55, '-', 'no-image.jpg', 'no-image.jpg', 'site.png', 'Bago-Maao Road, Bago City', 'Victoria', '2014-09-04 08:47:16', 1, '.', 'Western Visayas', '10.474561264116', '122.91332244873', 0, 0, '', '0000-00-00 00:00:00', NULL),
(56, '', 'no-image.jpg', '', 'other.png', '', 'Lex', '2014-09-04 09:40:09', 1, '', '', '', '', 0, 0, '', '0000-00-00 00:00:00', NULL),
(57, '', 'no-image.jpg', '', 'other.png', '', 'Lex', '2014-09-04 09:40:12', 1, '', '', '', '', 0, 0, '', '0000-00-00 00:00:00', NULL),
(58, '', 'no-image.jpg', '', 'other.png', '', 'Lex', '2014-09-04 09:47:39', 1, '', '', '', '', 0, 0, '', '0000-00-00 00:00:00', NULL),
(59, 'No Images', 'no-image.jpg', 'no-image.jpg', 'site.png', 'Radial Road 3, Muntinlupa', 'EL John', '2014-09-05 02:20:14', 1, '', 'NCR', '14.413958688436', '121.04441821575', 0, 0, '', '0000-00-00 00:00:00', NULL),
(60, 'My Site', 'no-image.jpg', 'no-image.jpg', 'site.png', 'Radial Road 3, Muntinlupa', 'EL John', '2014-09-05 02:23:44', 1, '', 'NCR', '14.413779441451', '121.04430556297', 0, 0, '', '0000-00-00 00:00:00', NULL),
(63, 'biig savings', 'church_2.jpg', 'hospital_2.jpg', 'site.png', '513 Civic Prime Building Civic Drive, Muntinlupa', 'EL John', '2014-09-05 02:27:25', 1, '', 'NCR', '14.412800075558', '121.04295372963', 0, 0, '', '0000-00-00 00:00:00', NULL),
(66, 'site yow', 'falling_rocks.jpg', 'hospital_2.jpg', 'site.png', 'Centennial Road, Muntinlupa', 'EL John Chandragupta Haba PAngalan di ba Orakol ye', '2014-09-05 07:46:43', 1, '', 'NCR', '14.41503676459', '121.04434847832', 0, 0, '', '0000-00-00 00:00:00', NULL),
(68, 'a', 'hospital_2.jpg', 'falling_rocks.jpg', 'site.png', 'Centennial Road, Muntinlupa', 'EL John Chandragupta Haba PAngalan di ba Orakol ye', '2014-09-05 08:22:57', 1, '', 'NCR', '14.416268102876', '121.04414999485', 0, 0, '', '0000-00-00 00:00:00', NULL),
(69, '', 'checkpoint.jpg', 'church_1.jpg', 'site.png', 'Civic Drive, Muntinlupa', 'EL John Chandragupta Haba PAngalan di ba Orakol ye', '2014-09-05 08:32:49', 1, '', 'NCR', '14.416423967983', '121.04298055172', 1, 0, 'EL John Chandragupta Haba PAngalan di ba Orakol ye', '0000-00-00 00:00:00', '0000-00-00 00:00:00'),
(71, '', 'hospital_1.jpg', 'no-image.jpg', 'site.png', '513 Civic Prime Building Civic Drive, Muntinlupa', 'EL John Chandragupta Haba PAngalan di ba Orakol ye', '2014-09-05 08:35:10', 1, '', 'NCR', '14.41479776978', '121.04358136654', 1, 0, 'EL John Chandragupta Haba PAngalan di ba Orakol ye', '0000-00-00 00:00:00', '0000-00-00 00:00:00'),
(72, '                   sample site', 'no-image.jpg', 'no-image.jpg', 'site.png', 'Riverside Street, Quezon City', 'Divibs', '2014-09-09 03:02:24', 1, 'kyhkhjkhj', 'NCR', '14.692839115844', '121.08685880899', 0, 0, '', '0000-00-00 00:00:00', NULL),
(73, 'Jake Pulilan Site', '', '', 'site.png', 'Balatong-Tarcan Road, Pulilan', 'John-Kevin', '2014-09-09 06:04:08', 1, 'Jake Pulilan Site', 'Central Luzon', '14.924494550253', '120.84954466671', 1, 0, 'John-Kevin', '0000-00-00 00:00:00', '0000-00-00 00:00:00'),
(74, 'sample site using mozilla', 'no-image.jpg', 'no-image.jpg', 'site.png', '130 Kalayaan B, Quezon City', 'Divibs', '2014-09-09 07:29:38', 1, 'lkfjaskdfjals', 'NCR', '14.690096712708', '121.08982801437', 0, 0, '', '0000-00-00 00:00:00', NULL);

-- --------------------------------------------------------

--
-- Table structure for table `user_session`
--

CREATE TABLE IF NOT EXISTS `user_session` (
  `session_id` varchar(40) NOT NULL,
  `ip_address` varchar(16) NOT NULL,
  `user_agent` varchar(150) NOT NULL,
  `last_activity` int(10) NOT NULL,
  `user_data` text NOT NULL,
  PRIMARY KEY (`session_id`)
) ENGINE=InnoDB DEFAULT CHARSET=latin1;

--
-- Dumping data for table `user_session`
--

INSERT INTO `user_session` (`session_id`, `ip_address`, `user_agent`, `last_activity`, `user_data`) VALUES
('7f1683459f44123356642db59069db87', '120.28.93.241', 'Mozilla/5.0 (Windows NT 6.1; WOW64) AppleWebKit/537.36 (KHTML, like Gecko) Chrome/37.0.2062.103 Safari/537.36', 1410313660, ''),
('7f49996d7e7a4f422db9262cd40dc498', '192.168.1.200', 'Mozilla/5.0 (Windows NT 6.1; WOW64) AppleWebKit/537.36 (KHTML, like Gecko) Chrome/37.0.2062.103 Safari/537.36', 1410314946, ''),
('993b5c862a36065270b07f18849fabeb', '65.49.14.85', 'Mozilla/5.0 (Windows NT 6.1) AppleWebKit/537.36 (KHTML, like Gecko) Chrome/37.0.2062.103 Safari/537.36', 1410314690, '');

-- --------------------------------------------------------

--
-- Table structure for table `user_tb`
--

CREATE TABLE IF NOT EXISTS `user_tb` (
  `user_id` int(11) NOT NULL AUTO_INCREMENT,
  `email` varchar(50) NOT NULL,
  `firstname` varchar(50) NOT NULL,
  `lastname` varchar(50) NOT NULL,
  `password` text NOT NULL,
  `location` text NOT NULL,
  `latitude` varchar(30) NOT NULL,
  `longtitude` varchar(30) NOT NULL,
  `user_region` text NOT NULL,
  `question` int(11) NOT NULL,
  `answer` varchar(60) NOT NULL,
  `access_level` int(11) NOT NULL,
  PRIMARY KEY (`user_id`)
) ENGINE=InnoDB  DEFAULT CHARSET=latin1 AUTO_INCREMENT=92 ;

--
-- Dumping data for table `user_tb`
--

INSERT INTO `user_tb` (`user_id`, `email`, `firstname`, `lastname`, `password`, `location`, `latitude`, `longtitude`, `user_region`, `question`, `answer`, `access_level`) VALUES
(5, 'dan@shellweb.com', 'Dan', 'Candelaria', '123qwe', '4', '10.91911209717', '121.98305726051', 'NCR', 1, 'dandan', 1),
(6, 'ej@shellweb.com', 'EL John Chandragupta Haba PAngalan di ba Orakol ye', 'Perezswarzeneggerlilundrenhemsworthsmithkanorgreyo', 'testtest', '3', '14.413729', '121.046038', 'NCR', 1, 'EJ', 1),
(11, 'vic@shellweb.com', 'Victoria', 'Dela Cruz', '123456', '4', '10.670971', '122.957156', 'Western Visayas', 1, 'vic', 1),
(12, 'analyn@shellweb.com', 'Analyn', 'Zenz', '123456', '2', '7.099319', '125.626377', 'Davao Region', 1, 'ana', 0),
(75, 'rich@shellweb.com', 'rich', 'esguerra', 'rich1234', '4', '36.800056', '71.000000', '', 1, 'chelle', 0),
(77, 'jdelacruz@webmail.com', 'Juan', 'Dela Cruz', 'P@ssw0rd', '4', '14.656601', '121.055808', '', 1, 'Jun-Jun', 0),
(82, 'abe@shellweb.com', 'abe', 'livi', '123456', '4', '14.595627599474', '121.00432187319', '', 1, 'abe', 1),
(83, 'jakevillaflor@gmail.com', 'John-Kevin', 'Villaflor', 'welcome123', '26', '14.773865842913', '120.96681118011', '', 1, 'jake', 1),
(84, 'divibs@shellweb.com', 'Divibs', 'Candelaria', '123456789', '9', '14.694074091601', '121.08826160431', '', 1, 'divibs', 1),
(85, 'jane@shellweb.com', 'jane', 'bisnar', '123456', '4', '14.595627599474', '121.00432187319', '', 1, 'jane', 1),
(86, 'lex@shellweb.com', 'Lex', 'Shellweb', '123456', '60', '14.561788106954', '121.01621747017', '', 6, 'baguio', 1),
(87, '--jane@shellweb.com', 'Shaq', 'O''neil', '123456', '2', '7.1219297611073', '125.65926611423', '', 1, 'Shaq', 1),
(90, 'wahah@shellweb.com', 'test', 'test', '123qwe', '0', '14.592033300000000000', '121.006406500000020000', '', 3, '123qwe', 1),
(91, 'jakevilalfor@facebook.com', 'jake', 'villaflor', 'welcome123', '26', '14.773865842913', '120.96681118011', '', 1, '123', 2);

-- --------------------------------------------------------

--
-- Table structure for table `waypoint_tb`
--

CREATE TABLE IF NOT EXISTS `waypoint_tb` (
  `route_id` int(11) NOT NULL AUTO_INCREMENT,
  `start` text NOT NULL,
  `end` text NOT NULL,
  `midpoints` text NOT NULL,
  `title` text NOT NULL,
  `info` text NOT NULL,
  `ship_to` text NOT NULL,
  `created_date` datetime NOT NULL,
  `route_json` text NOT NULL,
  `directions` longtext NOT NULL,
  `created_by` text NOT NULL,
  `updated_by` varchar(150) NOT NULL,
  `updated_date` datetime DEFAULT NULL,
  PRIMARY KEY (`route_id`)
) ENGINE=InnoDB  DEFAULT CHARSET=latin1 AUTO_INCREMENT=54 ;

--
-- Dumping data for table `waypoint_tb`
--

INSERT INTO `waypoint_tb` (`route_id`, `start`, `end`, `midpoints`, `title`, `info`, `ship_to`, `created_date`, `route_json`, `directions`, `created_by`, `updated_by`, `updated_date`) VALUES
(17, 'Pandacan, Manila', 'Daang Hari Road, Las Pinas', '[]', 'Pandacan to Alabang', 'Sample route for Luzon', '100001-A', '2014-08-04 16:24:51', '{"start":{"lat":14.5956951,"lng":121.0042401},"end":{"lat":14.4090827,"lng":121.0132944},"midpoints":[],"info":{"title":"Pandacan to Alabang","information":"Sample route for Luzon","ship_to":"100001-A"},"location":{"start_loc":"Pandacan, Manila","last_loc":"Daang Hari Road, Las Pinas"}}', '', '6', '', NULL),
(18, 'Davao City-Panabo City Road, Davao City', 'Beatiles Street, General Santos', '[[7.2157272,125.1172105]]', 'Pilipinas Shell Petroleum to General Santos', '', '100006-C', '2014-08-04 17:04:23', '{"start":{"lat":7.1222445,"lng":125.6588791},"end":{"lat":6.1102688,"lng":125.1732998},"midpoints":[[7.2157272,125.1172105]],"info":{"title":"Pilipinas Shell Petroleum to General Santos","information":"","ship_to":"100006-C"},"location":{"start_loc":"Davao City-Panabo City Road, Davao City","last_loc":"Beatiles Street, General Santos"}}', '', '6', 'EL John Santos', '2014-08-07 13:27:17'),
(19, 'Pandacan, Manila', 'Pan - Philippine Highway, Daraga', '[[14.5870188,120.9951849],[14.5813544,120.9987148],[14.1260674,121.5307939]]', 'Pandacan to Legaspi', 'Sample long route', '200086-D', '2014-08-04 17:07:02', '{"start":{"lat":14.5956951,"lng":121.0042401},"end":{"lat":13.1478336,"lng":123.7118228},"midpoints":[[14.5870188,120.9951849],[14.5813544,120.9987148],[14.1260674,121.5307939]],"info":{"title":"Pandacan to Legaspi","information":"Sample long route","ship_to":"200086-D"},"location":{"start_loc":"Pandacan, Manila","last_loc":"Pan - Philippine Highway, Daraga"}}', '', '6', 'EL John Santos', '2014-08-20 15:00:33'),
(21, 'Pandacan, Manila', 'MacArthur Highway, Villasis', '[]', 'Sample 2', 'Sample 2', 'Sample 2', '2014-08-22 15:19:42', '{"start":{"lat":14.5956951,"lng":121.0042401},"end":{"lat":15.8995066,"lng":120.5887853},"midpoints":[],"info":{"title":"Sample 2","information":"Sample 2","ship_to":"Sample 2"},"location":{"start_loc":"Pandacan, Manila","last_loc":"MacArthur Highway, Villasis"}}', '', '6', '', NULL),
(22, 'Pandacan, Manila', 'C-5, Quezon City', '[]', 'Maigsi lang to', 'Weh?', '1', '2014-08-27 09:24:12', '{"start":{"lat":14.5956951,"lng":121.0042401},"end":{"lat":14.6723142,"lng":121.0645848},"midpoints":[],"info":{"title":"Maigsi lang to","information":"Weh?","ship_to":"1"},"location":{"start_loc":"Pandacan, Manila","last_loc":"C-5, Quezon City"}}', '', '6', '', NULL),
(24, 'Daniel Street, Quezon City', 'Quirino Highway, Quezon City', '[[14.6692314,121.0330263],[14.6935268,121.0214502],[14.6618965,121.0001894],[14.6624638,121.0013451]]', 'Divibs Route', 'Route Information -s ample', '123456789', '2014-08-29 12:17:39', '{"start":{"lat":14.6759954,"lng":121.0537817},"end":{"lat":14.713153,"lng":121.0400149},"midpoints":[[14.6692314,121.0330263],[14.6935268,121.0214502],[14.6618965,121.0001894],[14.6624638,121.0013451]],"info":{"title":"Divibs Route","information":"Route Information -s ample","ship_to":"123456789"},"location":{"start_loc":"Daniel Street, Quezon City","last_loc":"Quirino Highway, Quezon City"}}', '', '5', 'Dan Filth', '2014-08-29 12:23:46'),
(26, 'MacArthur Highway, Urdaneta City', 'L N Agustin Drive, Bacolod', '[]', 'route title# 1', '', 'you', '2014-08-29 15:11:41', '{"start":{"lat":15.9775986,"lng":120.5708439},"end":{"lat":10.6705238,"lng":122.9584263},"midpoints":[],"info":{"title":"route title# 1","information":"","ship_to":"you"},"location":{"start_loc":"MacArthur Highway, Urdaneta City","last_loc":"L N Agustin Drive, Bacolod"}}', '', '11', '', NULL),
(27, 'Unnamed Road, Novaliches', 'Daang Bato street, Valenzuela', '[[14.6573513,121.0001296],[14.6574317,121.0123014],[14.669148,121.0328632]]', 'sample route', 'sample info', '123456', '2014-09-01 15:40:52', '{"start":{"lat":14.7501214,"lng":121.0944238},"end":{"lat":14.7256039,"lng":120.9878379},"midpoints":[[14.6573513,121.0001296],[14.6574317,121.0123014],[14.669148,121.0328632]],"info":{"title":"sample route","information":"sample info","ship_to":"123456"},"location":{"start_loc":"Unnamed Road, Novaliches","last_loc":"Daang Bato street, Valenzuela"}}', '', '5', 'Dan Candelaria', '2014-09-01 16:18:02'),
(29, 'Iglesia ni Cristo St., Marilao', 'Unnamed Road, Marilao', '[]', 'jake trial route 1', '', 'Jake', '2014-09-01 18:03:03', '{"start":{"lat":14.7733317,"lng":120.9670394},"end":{"lat":14.7683582,"lng":120.9535239},"midpoints":[],"info":{"title":"jake trial route 1","information":"","ship_to":"Jake"},"location":{"start_loc":"Iglesia ni Cristo St., Marilao","last_loc":"Unnamed Road, Marilao"}}', '', '83', '', NULL),
(33, 'Pandacan, Pandacan', 'C-5, Quezon City', '[[14.6295318,121.0147927],[14.6540744,121.0474867]]', 'Ikot-ikot din EDITED', 'Ikot-ikot lang, ikot-ikot-ikot lang\nIkot-ikot lang, ikot-ikot-ikot lang\nIkot-ikot Ikot-ikot Ikot-ikot', '12121', '2014-09-03 17:37:27', '{"start":{"lat":14.5956951,"lng":121.0042401},"end":{"lat":14.6723142,"lng":121.0645848},"midpoints":[[14.6295318,121.0147927],[14.6540744,121.0474867]],"info":{"title":"Ikot-ikot din EDITED","information":"Ikot-ikot lang, ikot-ikot-ikot lang\\nIkot-ikot lang, ikot-ikot-ikot lang\\nIkot-ikot Ikot-ikot Ikot-ikot","ship_to":"12121"},"location":{"start_loc":"Pandacan, Pandacan","last_loc":"C-5, Quezon City"}}', '', '6', 'EL John Santos', '2014-09-03 17:49:30'),
(35, 'Pandacan, Pandacan', 'C-5, Quezon City', '[]', 'Hexadecimal Activity', '288ADCB4742CCF293002303', 'AB2301C019F', '2014-09-03 17:58:52', '{"start":{"lat":14.5956951,"lng":121.0042401},"end":{"lat":14.6723142,"lng":121.0645848},"midpoints":[],"info":{"title":"Hexadecimal Activity","information":"288ADCB4742CCF293002303","ship_to":"AB2301C019F"},"location":{"start_loc":"Pandacan, Pandacan","last_loc":"C-5, Quezon City"}}', '', '6', '', NULL),
(36, 'Pandacan, Pandacan', 'C-5, Quezon City', '[]', 'Alphabet Soup', 'Ako ay may balloon\nLumipad sa sky\nDi ko na see\nPumutok already\nSayang ang money\nBinili ng balloon\nSa pagkain instead\nNabusog pa me', 'ABCDEFJHIJKLMNPQRSTUVWXYZ', '2014-09-03 18:01:46', '{"start":{"lat":14.5956951,"lng":121.0042401},"end":{"lat":14.6723142,"lng":121.0645848},"midpoints":[],"info":{"title":"Alphabet Soup","information":"Ako ay may balloon\\nLumipad sa sky\\nDi ko na see\\nPumutok already\\nSayang ang money\\nBinili ng balloon\\nSa pagkain instead\\nNabusog pa me","ship_to":"ABCDEFJHIJKLMNPQRSTUVWXYZ"},"location":{"start_loc":"Pandacan, Pandacan","last_loc":"C-5, Quezon City"}}', '', '6', '', NULL),
(39, 'Kasunduan, Quezon City', 'Juan Ortega, Quezon City', '[[14.6899544,121.0889895],[14.666738,121.0728823],[14.6834689,121.0542034]]', 'Divibs Route', '   sample information lang to kfjdlasdkjfalksdfjlasdkfjasldkfjaslkdfjalsdkfjalsdkfjalskdflskadfjlksjfklasjdfklsajfklsajfklsjfalksjflsadjflkasdjflasdjflsadkfj', '12345qwerty1', '2014-09-04 11:35:19', '{"start":{"lat":14.6946698,"lng":121.0878485},"end":{"lat":14.6898307,"lng":121.0767408},"midpoints":[[14.6899544,121.0889895],[14.666738,121.0728823],[14.6834689,121.0542034]],"info":{"title":"Divibs Route","information":"   sample information lang to kfjdlasdkjfalksdfjlasdkfjasldkfjaslkdfjalsdkfjalsdkfjalskdflskadfjlksjfklasjdfklsajfklsajfklsjfalksjflsadjflkasdjflasdjflsadkfj","ship_to":"12345qwerty1"},"location":{"start_loc":"Kasunduan, Quezon City","last_loc":"Juan Ortega, Quezon City"}}', '', '84', 'Divibs Candelaria', '2014-09-09 14:22:57'),
(40, 'Lacson Avenue, Santa Mesa', 'Lacson Avenue, Santa Mesa', '[]', ' iship doon', '', ' doon', '2014-09-04 17:10:02', '{"start":{"lat":14.597236,"lng":121.0006227},"end":{"lat":14.5962762,"lng":121.0000292},"midpoints":[],"info":{"title":" iship doon","information":"","ship_to":" doon"},"location":{"start_loc":"Lacson Avenue, Santa Mesa","last_loc":"Lacson Avenue, Santa Mesa"}}', '', '85', '', NULL),
(41, 'Iglesia ni Cristo St., Marilao', 'Cattleya, Marilao', '[]', 'Jake route 2 marilao', '<a href=''http://www.google.com/''''>Information</a>', 'me', '2014-09-04 17:21:33', '{"start":{"lat":14.7733317,"lng":120.9670394},"end":{"lat":14.7517371,"lng":120.9602433},"midpoints":[],"info":{"title":"Jake route 2 marilao","information":"<a href=''http:\\/\\/www.google.com\\/''''>Information<\\/a>","ship_to":"me"},"location":{"start_loc":"Iglesia ni Cristo St., Marilao","last_loc":"Cattleya, Marilao"}}', '', '83', '', NULL),
(42, 'Unnamed Road, Marilao', 'Iglesia ni Cristo St., Marilao', '[]', 'You', '', 'Me', '2014-09-04 17:21:41', '{"start":{"lat":14.7733317,"lng":120.9670394},"end":{"lat":14.7683582,"lng":120.9535239},"midpoints":[],"info":{"title":"You","information":"","ship_to":"Me"},"location":{"start_loc":"Unnamed Road, Marilao","last_loc":"Iglesia ni Cristo St., Marilao"}}', '', '86', '', NULL),
(44, 'Pandacan, Pandacan', 'C-5, Quezon City', '[]', 'Routetatouille :3333333333333333333333333333333333', '<marquee behavior="alternate">HEHE MARQUEE AQ</marquee>', '23183218329389283189283918298391829381928398123819', '2014-09-05 14:25:12', '{"start":{"lat":14.5956951,"lng":121.0042401},"end":{"lat":14.6723142,"lng":121.0645848},"midpoints":[],"info":{"title":"Routetatouille :3333333333333333333333333333333333","information":"<marquee behavior=\\"alternate\\">HEHE MARQUEE AQ<\\/marquee>","ship_to":"23183218329389283189283918298391829381928398123819"},"location":{"start_loc":"Pandacan, Pandacan","last_loc":"C-5, Quezon City"}}', '', '6', 'EL John Chandragupta Haba PAngalan di ba Orakol ye Perezswarzeneggerlilundrenhemsworthsmithkanorgreyo', '2014-09-05 14:54:34'),
(46, 'Pandacan, Pandacan', 'C-5, Quezon City', '[[14.6536026,121.0470105]]', 'National Kidney O.O', '', '1', '2014-09-08 15:06:42', '{"start":{"lat":14.5956951,"lng":121.0042401},"end":{"lat":14.6723142,"lng":121.0645848},"midpoints":[[14.6536026,121.0470105]],"info":{"title":"National Kidney O.O","information":"","ship_to":"1"},"location":{"start_loc":"Pandacan, Pandacan","last_loc":"C-5, Quezon City"}}', '', '6', 'EL John Chandragupta Haba PAngalan di ba Orakol ye Perezswarzeneggerlilundrenhemsworthsmithkanorgreyo', '2014-09-08 15:09:33'),
(47, '130 Kalayaan B, Quezon City', 'Riverside Street, Quezon City', '[]', 'sample depot at kalayaan aaaaaaaaaaaaaaaaaaaaaaaaa', 'sample information aaaaaaaaaaaaaaaaaaaaaaaaaaaaaaaaaaaaaaaaaaaaaaaaaaaaaaaaaaaaaaaaaaaaaaaaaaaaaaaaaaaaaaaaaaaaaaaaaaaaaaaaaaaaaaaaaaaaaaaaaaaaaaaaaaaaaaaaaaaaaaaaaaaaaaaaaaaaaaaaaaaaaaaaaaaaaaaaaaaaaaaaaaaaaaaaaaaaaaaaaaaaaaaaaaaaaaaaaaaaaaaaaaaaaaaaaaaaaaaaaaaaaaaaaaaaaaaaaaaaaaaaaaaaaaaaaaaaaaaaaaaaaaaaaaaaaaaaaaaaaaaaaaaaaaaaaaaaaaaaaaaaaaaaaaaaaaaaaaaaaaaaaaaaaaaaaaaaaaaaaaaaaaaaaaaaaaaaaaaaaaaaaaaaaaaaaaaaaaaaaaaaaaaaaaaaaaaaaaaaaaaaaaaaaaaaaaaaaaaaaaaaaaaaaaaaaaaaaaaaaaaaaaaaaaaaaaaaaaaaaaaaaaaaaaaaaaaaaaaaaaaaaaaaaaaaaaaaaaaaaaaaaaaaaaaaaaaaaaaaaaaaaaaaaaaaaaaaaaaaaaaaaaaaaaaaaaaaaaaaaaaaaaaaaaaaaaaaaaaaaaaaaaaaaaaaaaaaaaaaaaaaaaaaaaaaaaaaaaaaaaaaaaaaaaaaaaaaaaaaaaaaaaaaaaaaaaaaaaaaaaaaaaaaaaaaaaaaaaaa', 'aaaaaaaaaaaaaaaaaaaaaaaaaaaaaaaaaaaaaaaaaaaaaaaaaa', '2014-09-09 13:37:14', '{"start":{"lat":14.6916377,"lng":121.0883503},"end":{"lat":14.6927732,"lng":121.0868439},"midpoints":[],"info":{"title":"sample depot at kalayaan aaaaaaaaaaaaaaaaaaaaaaaaa","information":"sample information aaaaaaaaaaaaaaaaaaaaaaaaaaaaaaaaaaaaaaaaaaaaaaaaaaaaaaaaaaaaaaaaaaaaaaaaaaaaaaaaaaaaaaaaaaaaaaaaaaaaaaaaaaaaaaaaaaaaaaaaaaaaaaaaaaaaaaaaaaaaaaaaaaaaaaaaaaaaaaaaaaaaaaaaaaaaaaaaaaaaaaaaaaaaaaaaaaaaaaaaaaaaaaaaaaaaaaaaaaaaaaaaaaaaaaaaaaaaaaaaaaaaaaaaaaaaaaaaaaaaaaaaaaaaaaaaaaaaaaaaaaaaaaaaaaaaaaaaaaaaaaaaaaaaaaaaaaaaaaaaaaaaaaaaaaaaaaaaaaaaaaaaaaaaaaaaaaaaaaaaaaaaaaaaaaaaaaaaaaaaaaaaaaaaaaaaaaaaaaaaaaaaaaaaaaaaaaaaaaaaaaaaaaaaaaaaaaaaaaaaaaaaaaaaaaaaaaaaaaaaaaaaaaaaaaaaaaaaaaaaaaaaaaaaaaaaaaaaaaaaaaaaaaaaaaaaaaaaaaaaaaaaaaaaaaaaaaaaaaaaaaaaaaaaaaaaaaaaaaaaaaaaaaaaaaaaaaaaaaaaaaaaaaaaaaaaaaaaaaaaaaaaaaaaaaaaaaaaaaaaaaaaaaaaaaaaaaaaaaaaaaaaaaaaaaaaaaaaaaaaaaaaaaaaaaaaaaaaaaaaaaaaaaaaaaaaaaaaaaaa","ship_to":"aaaaaaaaaaaaaaaaaaaaaaaaaaaaaaaaaaaaaaaaaaaaaaaaaa"},"location":{"start_loc":"130 Kalayaan B, Quezon City","last_loc":"Riverside Street, Quezon City"}}', '', '84', '', NULL),
(48, 'Kasunduan, Quezon City', 'Kasunduan, Quezon City', '[]', '                                       bbbbbbbbbbb', 'bbbbbbbbbbbbbbbbbbbbbbbbbbbbbbbbbbbbbbbbbbbbbbbbbb', 'bbbbbbbbbbbbbbbbbbbbbbbbbbbbbbbbbbbbbbbbbbbbbbbbbb', '2014-09-09 13:59:19', '{"start":{"lat":14.6759954,"lng":121.0537817},"end":{"lat":14.6950209,"lng":121.0883187},"midpoints":[],"info":{"title":"                                       bbbbbbbbbbb","information":"bbbbbbbbbbbbbbbbbbbbbbbbbbbbbbbbbbbbbbbbbbbbbbbbbb","ship_to":"bbbbbbbbbbbbbbbbbbbbbbbbbbbbbbbbbbbbbbbbbbbbbbbbbb"},"location":{"start_loc":"Kasunduan, Quezon City","last_loc":"Kasunduan, Quezon City"}}', '', '84', '', NULL),
(49, 'Bago-Maao Road, Bago City', 'Medallion Drive Road, Meycauayan City', '[[13.0077407,120.8312559],[13.2754056,121.8961762],[13.3864126,122.4997108],[12.9464989,124.0518048],[12.0151419,124.8077562],[12.1921808,123.7804164]]', 'Natural Drinking Water', 'Aspire • Perspire • Inspire', 'Summit', '2014-09-09 15:13:42', '{"start":{"lat":14.7529432,"lng":120.9593643},"end":{"lat":10.4697399,"lng":122.9146206},"midpoints":[[13.0077407,120.8312559],[13.2754056,121.8961762],[13.3864126,122.4997108],[12.9464989,124.0518048],[12.0151419,124.8077562],[12.1921808,123.7804164]],"info":{"title":"Natural Drinking Water","information":"Aspire \\u2022 Perspire \\u2022 Inspire","ship_to":"Summit"},"location":{"start_loc":"Bago-Maao Road, Bago City","last_loc":"Medallion Drive Road, Meycauayan City"}}', '', '86', '', NULL),
(50, 'Daniel Street, Quezon City', 'Riverside Street, Quezon City', '[[14.6650952,121.0703551],[14.6668864,121.0731053]]', 'congressional route', 'sample route lang sample route lang sample route lang sample route lang sample route lang sample route lang sample route lang sample route lang sample route lang sample route lang sample route lang sample route lang sample route lang sample route lang sample route lang sample route lang sample route lang sample route lang sample route lang sample route lang sample route lang sample route lang sample route lang sample route lang ', 'asdf123456789', '2014-09-09 15:23:06', '{"start":{"lat":14.6759954,"lng":121.0537817},"end":{"lat":14.6927732,"lng":121.0868439},"midpoints":[[14.6650952,121.0703551],[14.6668864,121.0731053]],"info":{"title":"congressional route","information":"sample route lang sample route lang sample route lang sample route lang sample route lang sample route lang sample route lang sample route lang sample route lang sample route lang sample route lang sample route lang sample route lang sample route lang sample route lang sample route lang sample route lang sample route lang sample route lang sample route lang sample route lang sample route lang sample route lang sample route lang ","ship_to":"asdf123456789"},"location":{"start_loc":"Daniel Street, Quezon City","last_loc":"Riverside Street, Quezon City"}}', '', '84', '', NULL),
(51, 'Riverside Street, Quezon City', 'Matang Lawin, Novaliches', '[]', 'sample sm', '', 'asdfghjk1234567890', '2014-09-09 15:25:08', '{"start":{"lat":14.7501214,"lng":121.0944238},"end":{"lat":14.6927732,"lng":121.0868439},"midpoints":[],"info":{"title":"sample sm","information":"","ship_to":"asdfghjk1234567890"},"location":{"start_loc":"Riverside Street, Quezon City","last_loc":"Matang Lawin, Novaliches"}}', '', '84', '', NULL),
(52, 'Courage Street, Quezon City', '130 Kalayaan B, Quezon City', '[]', 'sample route using mozilla', 'sample information', 'asdfghjkl123456789', '2014-09-09 15:51:53', '{"start":{"lat":14.6834285,"lng":121.0866254},"end":{"lat":14.6901074,"lng":121.0889915},"midpoints":[],"info":{"title":"sample route using mozilla","information":"sample information","ship_to":"asdfghjkl123456789"},"location":{"start_loc":"Courage Street, Quezon City","last_loc":"130 Kalayaan B, Quezon City"}}', '', '84', '', NULL),
(53, '130 Kalayaan B, Quezon City', 'Courage Street, Quezon City', '[[14.6926802,121.0821968],[14.6865404,121.0842091],[14.6878256,121.0923851]]', 'sample route 2 using mozilla', 'sample ing', 'qwerty123456789', '2014-09-09 15:57:23', '{"start":{"lat":14.6834285,"lng":121.0866254},"end":{"lat":14.6901074,"lng":121.0889915},"midpoints":[[14.6926802,121.0821968],[14.6865404,121.0842091],[14.6878256,121.0923851]],"info":{"title":"sample route 2 using mozilla","information":"sample ing","ship_to":"qwerty123456789"},"location":{"start_loc":"130 Kalayaan B, Quezon City","last_loc":"Courage Street, Quezon City"}}', '', '84', '', NULL);

/*!40101 SET CHARACTER_SET_CLIENT=@OLD_CHARACTER_SET_CLIENT */;
/*!40101 SET CHARACTER_SET_RESULTS=@OLD_CHARACTER_SET_RESULTS */;
/*!40101 SET COLLATION_CONNECTION=@OLD_COLLATION_CONNECTION */;
